"Player","Team","Kills","Assist","Deaths","MVP","KDR","Wins","Losses","Winrate","OT Participation","Rank","BPL Rank","Rank Rating","Role","","","","","","",""
"CGreyIce","ADMIN","1169","55","772","228","1.51","40","7","85.1%","12","Champion","Level 10","4733","Player","","","","","","",""
"mashirasu","ADMIN","528","8","151","94","3.50","14","0","100.0%","1","Grandmaster","Level 8","3852","Player","","","","Rating","Name","",""
"milkenut","0v3","291","34","228","52","1.28","15","1","93.8%","3","Grandmaster","Level 5","2493","Rifler","","","","0-499","Level 1","",""
"Eroxis","division20","260","36","198","43","1.31","11","3","78.6%","5","Grandmaster","Level 5","2127","Rifler","","","","500-999","Level 2","",""
"Navikuun","0v3","298","29","213","42","1.40","10","6","62.5%","1","High Master","Level 4","1938","Rifler","","","","1000-1499","Level 3","",""
"Tachibana Hinano","Astral Bloom","225","18","187","32","1.20","10","3","76.9%","0","High Master","Level 4","1880","Rifler","","","","1500-1999","Level 4","",""
"EXaCT","","189","17","155","34","1.22","7","3","70.0%","2","High Master","Level 4","1829","Rifler","","","","2000-2499","Level 5","",""
"Leveti","Setting Sun","219","19","182","37","1.20","7","4","63.6%","6","High Master","Level 4","1797","IGL","","","","2500-2999","Level 6","",""
"zuann_","KIEDZ","209","24","169","40","1.24","7","5","58.3%","3","Master","Level 4","1790","Rifler","","","","3000-3499","Level 7","",""
"Eris Suzukami","Astral Bloom","242","28","219","36","1.11","8","5","61.5%","3","Master","Level 4","1717","Rifler","","","","3500-3999","Level 8","",""
"Laburi","division20","213","17","167","28","1.28","8","4","66.7%","2","Master","Level 4","1698","IGL","","","","4000-4499","Level 9","",""
"zhiweiingg","Setting Sun","159","22","152","22","1.05","9","2","81.8%","","Master","Level 4","1681","Rifler","","","","4500+","Level 10","",""
"winda","Bloom E-Sports","208","17","191","39","1.09","6","6","50.0%","1","Master","Level 4","1619","IGL","","","","","","",""
"Nataleste","","167","18","159","30","1.05","6","4","60.0%","2","Master","Level 4","1588","Rifler","","","","","","",""
"Baer","Caelum Scala","256","28","261","43","0.98","7","8","46.7%","2","Master","Level 4","1573","IGL","","","","","","",""
"Remia Aotsuki","Astral Bloom","250","28","262","39","0.95","8","8","50.0%","5","Master","Level 4","1564","IGL","","","","","","",""
"Nikorasu","The Nomads","236","19","224","32","1.05","8","7","53.3%","3","Master","Level 4","1543","Rifler","","","","","","",""
"xolalotl","DiamondOnes","143","25","174","30","0.82","8","5","61.5%","3","Master","Level 4","1532","Awper","","","","","","",""
"JigglyPingu","","168","29","168","28","1.00","7","5","58.3%","6","Master","Level 4","1515","Rifler","","","","","","",""
"Spoods","division20","167","14","122","25","1.37","7","1","87.5%","2","Master","Level 4","1501","Rifler","","","","","","",""
"yinnzx","","181","21","147","22","1.23","6","4","60.0%","1","Master","Level 3","1491","Rifler","","","","","","",""
"ShizuyaUmiko","","173","13","130","25","1.33","6","3","66.7%","4","Master","Level 3","1490","IGL","","","","","","",""
"YoJareddo","The Gigarage","179","16","180","27","0.99","7","5","58.3%","6","Master","Level 3","1488","Rifler","","","","","","",""
"Tatsumaki Chise","","188","18","174","31","1.08","6","6","50.0%","1","Diamond","Level 3","1484","Rifler","","","","","","",""
"caarrietan","Aspire","194","32","209","26","0.93","7","5","58.3%","3","Diamond","Level 3","1456","Rifler","","","","","","",""
"Codiant","","199","23","191","24","1.04","7","5","58.3%","5","Diamond","Level 3","1456","Rifler","","","","","","",""
"OchakoKiyomi","Technomancy","173","24","143","23","1.21","6","5","54.5%","2","Diamond","Level 3","1449","Rifler","","","","","","",""
"Jenakai","","130","15","133","17","0.98","7","3","70.0%","1","Diamond","Level 3","1409","Awper","","","","","","",""
"TortillaRoll","5PERCENT","217","34","231","34","0.94","7","9","43.8%","0","Diamond","Level 3","1407","Rifler","","","","","","",""
"Illus","KIEDZ","149","15","150","21","0.99","6","4","60.0%","3","Diamond","Level 3","1388","IGL","","","","","","",""
"tiger.lark","","134","30","152","17","0.88","7","3","70.0%","3","Diamond","Level 3","1387","Rifler","","","","","","",""
"[Idiot] AngelCrutcher","Aimpunch","136","10","107","25","1.27","6","2","75.0%","1","Diamond","Level 3","1383","Fill","","","","","","",""
"daifuku.wu","Round Loss Bonus","146","14","134","19","1.09","6","4","60.0%","0","Diamond","Level 3","1381","Rifler","","","","","","",""
"CrimsynFlames","Aeternum","133","24","133","24","1.00","6","3","66.7%","1","Diamond","Level 3","1379","Rifler","","","","","","",""
"nyxcatto","","198","20","198","32","1.00","5","7","41.7%","3","Diamond","Level 3","1374","Rifler","","","","","","",""
"Ice","Neverland","266","21","284","42","0.94","6","11","35.3%","3","Diamond","Level 3","1367","Rifler","","","","","","",""
"Xrela","entity","157","16","143","23","1.10","5","5","50.0%","1","Diamond","Level 3","1359","Rifler","","","","","","",""
"carv","Technomancy","185","22","205","26","0.90","6","6","50.0%","4","Diamond","Level 3","1342","Awper","","","","","","",""
"Acryii_","Ukiyo","157","13","123","23","1.28","5","4","55.6%","1","Diamond","Level 3","1337","Rifler","","","","","","",""
"arcimoon","","158","28","187","20","0.84","6","4","60.0%","6","Diamond","Level 3","1325","Awper","","","","","","",""
"stitchkyui","","184","25","203","25","0.91","6","7","46.2%","3","Diamond","Level 3","1285","Rifler","","","","","","",""
"NipNip","Aetherline","185","22","203","30","0.91","5","8","38.5%","4","Diamond","Level 3","1264","IGL","","","","","","",""
"lenette","Caelum Scala","130","17","125","19","1.04","6","2","75.0%","3","Diamond","Level 3","1206","Awper","","","","","","",""
"siddnely","Infernum E-Sports","166","30","142","26","1.17","4","4","50.0%","4","Diamond","Level 3","1206","IGL","","","","","","",""
"kael","Ukiyo","190","12","218","21","0.87","6","7","46.2%","5","Diamond","Level 3","1205","Awper","","","","","","",""
"dumbo","5PERCENT","178","20","165","20","1.08","5","7","41.7%","1","Diamond","Level 3","1202","IGL","","","","","","",""
"treblest","Raven Song","112","12","118","15","0.95","7","1","87.5%","","Emerald","Level 3","1189","Awper","","","","","","",""
"Resent","Neverland","143","23","133","21","1.08","4","5","44.4%","2","Emerald","Level 3","1146","IGL","","","","","","",""
"perk","Aeternum","130","4","131","21","0.99","5","3","62.5%","4","Emerald","Level 3","1135","Awper","","","","","","",""
"rebellioniite","Artisian","165","29","192","23","0.86","4","7","36.4%","3","Emerald","Level 3","1127","Rifler","","","","","","",""
"Joshiwahhh","Unforgettable","156","23","208","22","0.75","5","7","41.7%","3","Emerald","Level 3","1126","Awper","","","","","","",""
"candybar_isblue","","165","23","158","25","1.04","3","6","33.3%","4","Emerald","Level 3","1116","Rifler","","","","","","",""
"Pearlim","0v3","133","18","145","10","0.92","6","5","54.5%","1","Emerald","Level 3","1111","Awper","","","","","","",""
"Sheep","99Lives","110","14","103","18","1.07","5","3","62.5%","0","Emerald","Level 3","1103","Awper","","","","","","",""
"Vyphogrid","","153","18","137","18","1.12","4","5","44.4%","7","Emerald","Level 3","1094","IGL","","","","","","",""
"rc_ia","Setting Sun","111","18","91","15","1.22","6","1","85.7%","1","Emerald","Level 3","1091","Awper","","","","","","",""
"ItzMaigo","","165","16","166","24","0.99","3","6","33.3%","9","Emerald","Level 3","1077","Rifler","","","","","","",""
"GoddessAkane","Moonlit Tempo","146","16","165","17","0.88","4","6","40.0%","2","Emerald","Level 3","1062","Awper","","","","","","",""
"Kyu","","157","16","143","20","1.10","4","4","50.0%","5","Emerald","Level 3","1059","IGL","","","","","","",""
"l1feless","Bluebird","198","24","224","20","0.88","5","10","33.3%","3","Emerald","Level 3","1045","Awper","","","","","","",""
"rittan0x0","","130","20","132","22","0.98","3","6","33.3%","1","Emerald","Level 3","1039","Rifler","","","","","","",""
"VanixEvans","degree","120","11","114","15","1.05","5","3","62.5%","1","Emerald","Level 3","1036","IGL","","","","","","",""
"Applezxc","Aeternum","130","20","154","19","0.84","4","5","44.4%","2","Emerald","Level 3","1033","Fill","","","","","","",""
"Jasticar","","117","8","104","17","1.13","5","2","71.4%","3","Emerald","Level 3","1018","Rifler","","","","","","",""
"Sadgeboi","","110","7","107","18","1.03","5","2","71.4%","3","Emerald","Level 3","1015","IGL","","","","","","",""
"ebi","Raven Song","107","14","80","18","1.34","5","1","83.3%","1","Emerald","Level 3","1011","IGL","","","","","","",""
"plainyingying","Bloom E-Sports","126","12","108","16","1.17","5","2","71.4%","3","Emerald","Level 3","1010","Rifler","","","","","","",""
"nicsman","Technomancy","156","17","139","17","1.12","4","4","50.0%","5","Emerald","Level 3","1007","Rifler","","","","","","",""
"y1jingg","99Lives","123","7","120","14","1.03","5","3","62.5%","3","Emerald","Level 3","1006","IGL","","","","","","",""
"yerm","entity","144","11","141","20","1.02","3","6","33.3%","3","Emerald","Level 3","1003","Awper","","","","","","",""
"YinghuVT","","120","21","116","16","1.03","5","2","71.4%","2","Emerald","Level 2","985","Rifler","","","","","","",""
"capplecrow","Sacred Raven","154","16","137","27","1.12","1","8","11.1%","2","Emerald","Level 2","982","IGL","","","","","","",""
"azzuto","Cosmos","121","15","101","21","1.20","4","2","66.7%","4","Emerald","Level 2","967","Rifler","","","","","","",""
"Spinafex","","130","12","146","20","0.89","3","6","33.3%","2","Emerald","Level 2","965","Rifler","","","","","","",""
"Kuro_mi","Opal","129","7","130","21","0.99","3","5","37.5%","0","Emerald","Level 2","956","Rifler","","","","","","",""
"thehidz","","113","22","125","16","0.90","5","2","71.4%","3","Emerald","Level 2","954","Rifler","","","","","","",""
"Kisaragi Ren","5PERCENT","102","10","77","19","1.32","4","2","66.7%","0","Platinum","Level 2","950","Rifler","","","","","","",""
"lumi.nyaa","Opal","126","18","130","19","0.97","4","3","57.1%","2","Platinum","Level 2","944","Rifler","","","","","","",""
"Hyvred","","126","22","170","16","0.74","4","5","44.4%","5","Platinum","Level 2","942","Rifler","","","","","","",""
"mominichi","The Nomads","123","21","122","19","1.01","3","5","37.5%","1","Platinum","Level 2","931","Rifler","","","","","","",""
"swoopsy","","97","14","108","15","0.90","5","2","71.4%","3","Platinum","Level 2","930","Awper","","","","","","",""
"KTenshi","Artisian","161","12","141","22","1.14","2","6","25.0%","2","Platinum","Level 2","929","Rifler","","","","","","",""
"ehsten","PepegaX","97","14","105","11","0.92","5","3","62.5%","1","Platinum","Level 2","925","Rifler","","","","","","",""
"beyouna","Bluebird","118","12","93","14","1.27","4","3","57.1%","0","Platinum","Level 2","913","Rifler","","","","","","",""
"Solec","Divide&Conquer","111","17","104","16","1.07","4","3","57.1%","1","Platinum","Level 2","909","IGL","","","","","","",""
"rebebx","","133","21","143","21","0.93","2","7","22.2%","4","Platinum","Level 2","905","Rifler","","","","","","",""
"UtsuhoNull","","123","11","100","18","1.23","3","4","42.9%","0","Platinum","Level 2","900","Rifler","","","","","","",""
"leachubby","","105","24","94","18","1.12","4","2","66.7%","1","Platinum","Level 2","897","IGL","","","","","","",""
"notccillia","DiamondOnes","139","18","128","18","1.09","4","2","66.7%","9","Platinum","Level 2","884","IGL","","","","","","",""
"AltheaVT","degree","109","15","101","17","1.08","3","4","42.9%","2","Platinum","Level 2","848","Awper","","","","","","",""
"AkanersVT","","91","10","87","10","1.05","4","4","50.0%","2","Platinum","Level 2","846","Rifler","","","","","","",""
"kanarivt","","96","13","117","13","0.82","4","4","50.0%","0","Platinum","Level 2","846","Rifler","","","","","","",""
"Hakase","Fruit Basket","113","16","106","17","1.07","3","4","42.9%","1","Platinum","Level 2","845","IGL","","","","","","",""
"Astro_Ruckus","New Jade","114","14","100","16","1.14","3","4","42.9%","2","Platinum","Level 2","841","Rifler","","","","","","",""
"skysbeautylai","Sacred Raven","125","28","124","17","1.01","3","4","42.9%","2","Platinum","Level 2","837","Rifler","","","","","","",""
"kaikaijins","","135","19","136","10","0.99","4","4","50.0%","4","Platinum","Level 2","834","Rifler","","","","","","",""
"CRex","Raven Song","126","21","142","18","0.89","2","7","22.2%","1","Platinum","Level 2","833","Rifler","","","","","","",""
"okjustsmd","","130","18","133","14","0.98","3","5","37.5%","3","Platinum","Level 2","819","IGL","","","","","","",""
"Skyllabtw","Artisian","96","11","101","17","0.95","3","4","42.9%","0","Platinum","Level 2","815","Rifler","","","","","","",""
"Luneforrune","","102","16","105","12","0.97","4","3","57.1%","2","Platinum","Level 2","806","Rifler","","","","","","",""
"djsalty_","","119","10","135","17","0.88","2","7","22.2%","","Platinum","Level 2","804","Awper","","","","","","",""
"sneakyyyyy","Cosmos","122","17","108","17","1.13","3","3","50.0%","5","Platinum","Level 2","799","Rifler","","","","","","",""
"Dirfun","Infernum E-Sports","83","12","95","12","0.87","5","1","83.3%","0","Platinum","Level 2","796","Rifler","","","","","","",""
"NekoSoji","Alcheministry","84","10","90","15","0.93","4","2","66.7%","2","Platinum","Level 2","792","Awper","","","","","","",""
"lumpydayo","Bloom E-Sports","90","10","88","14","1.02","4","2","66.7%","1","Platinum","Level 2","790","Rifler","","","","","","",""
"Nightveil Lycoris","","161","22","171","22","0.94","1","7","12.5%","9","Platinum","Level 2","789","IGL","","","","","","",""
"Efreetsz","Aetherline","99","10","119","13","0.83","4","3","57.1%","4","Platinum","Level 2","788","Rifler","","","","","","",""
"airawwr","degree","97","25","86","16","1.13","3","3","50.0%","","Platinum","Level 2","787","Rifler","","","","","","",""
"Riko Solari","","90","8","65","14","1.38","4","1","80.0%","0","Platinum","Level 2","785","Rifler","","","","","","",""
"Ichinose Uruha","","111","10","101","13","1.10","4","2","66.7%","2","Platinum","Level 2","784","Rifler","","","","","","",""
"Ayano","ADMIN","92","5","45","21","2.04","3","0","100.0%","","Platinum","Level 2","783","Player","","","","","","",""
"Nyuii","Caelum Scala","92","11","94","14","0.98","4","2","66.7%","2","Platinum","Level 2","781","Rifler","","","","","","",""
"NOTORIOUS47","","84","12","90","7","0.93","5","2","71.4%","2","Platinum","Level 2","778","Awper","","","","","","",""
"sURF","","75","9","53","13","1.42","4","1","80.0%","0","Platinum","Level 2","772","IGL","","","","","","",""
"EviKuroneko","Alcheministry","89","24","83","12","1.07","4","2","66.7%","1","Platinum","Level 2","771","Rifler","","","","","","",""
"Komori Met","","98","11","89","16","1.10","3","3","50.0%","0","Platinum","Level 2","771","Rifler","","","","","","",""
"awtoh","Aetherline","116","13","106","16","1.09","3","3","50.0%","3","Platinum","Level 2","769","Rifler","","","","","","",""
"WO4TK","Unforgettable","109","18","114","21","0.96","2","4","33.3%","3","Platinum","Level 2","769","IGL","","","","","","",""
"VPLH","New Jade","86","12","92","10","0.93","5","1","83.3%","1","Platinum","Level 2","768","IGL","","","","","","",""
"laavv._","Divide&Conquer","103","11","114","8","0.90","4","4","50.0%","2","Platinum","Level 2","767","Awper","","","","","","",""
"miorine","Cyanide","96","13","117","16","0.82","3","4","42.9%","2","Platinum","Level 2","765","Awper","","","","","","",""
"luciddoob","The Nomads","94","8","86","12","1.09","4","2","66.7%","1","Gold","Level 2","762","Rifler","","","","","","",""
"keikatamori","","91","15","105","11","0.87","4","3","57.1%","0","Gold","Level 2","761","Awper","","","","","","",""
"y.uuno","division20","77","8","71","15","1.08","4","1","80.0%","","Gold","Level 2","755","Awper","","","","","","",""
"SashimiGoesBloop","Moonlit Tempo","97","17","81","14","1.20","3","3","50.0%","2","Gold","Level 2","755","Rifler","","","","","","",""
"Solaonix","5PERCENT","83","12","72","14","1.15","4","1","80.0%","","Gold","Level 2","749","Rifler","","","","","","",""
"SanCtuary","Artisian","119","9","102","14","1.17","3","3","50.0%","2","Gold","Level 2","742","IGL","","","","","","",""
"JustYoong","","81","7","65","13","1.25","4","1","80.0%","1","Gold","Level 2","741","Rifler","","","","","","",""
"rattecs","","99","8","74","12","1.34","4","1","80.0%","2","Gold","Level 2","736","Rifler","","","","","","",""
"fleurcoz","Bloom E-Sports","109","17","116","12","0.94","4","2","66.7%","4","Gold","Level 2","735","Rifler","","","","","","",""
"SkuxxNinja44","Technomancy","101","9","89","17","1.13","3","2","60.0%","3","Gold","Level 2","735","Rifler","","","","","","",""
"Kyan","Moonlit Tempo","90","15","75","16","1.20","3","2","60.0%","1","Gold","Level 2","731","Rifler","","","","","","",""
"Mike","entity","84","9","84","15","1.00","3","3","50.0%","1","Gold","Level 2","730","IGL","","","","","","",""
"S.GT","Team Neverseen","86","17","99","12","0.87","4","2","66.7%","2","Gold","Level 2","723","Awper","","","","","","",""
"Skiazelle","","97","11","90","10","1.08","4","2","66.7%","1","Gold","Level 2","721","IGL","","","","","","",""
"KrinoJ","","107","17","111","12","0.96","3","4","42.9%","2","Gold","Level 2","721","Fill","","","","","","",""
"FumishiroYummy","","111","14","114","18","0.97","1","7","12.5%","0","Gold","Level 2","717","Rifler","","","","","","",""
"djassaulty","","92","13","77","12","1.19","4","1","80.0%","1","Gold","Level 2","716","NA","","","","","","",""
"Kogara Toto","","83","18","91","8","0.91","4","3","57.1%","0","Gold","Level 2","715","Rifler","","","","","","",""
"joyyy_cheng","Opal","95","7","92","11","1.03","3","4","42.9%","","Gold","Level 2","712","IGL","","","","","","",""
"Dianya","","85","11","93","11","0.91","4","2","66.7%","2","Gold","Level 2","708","Rifler","","","","","","",""
"Kaga Nazuna","","86","13","98","15","0.88","3","3","50.0%","1","Gold","Level 2","707","Rifler","","","","","","",""
"caturteer","Round Loss Bonus","101","12","88","16","1.15","2","4","33.3%","1","Gold","Level 2","706","IGL","","","","","","",""
"yunaeyo","The Gigarage","78","19","71","12","1.10","4","1","80.0%","3","Gold","Level 2","705","Rifler","","","","","","",""
"Redandb1ue","The Nomads","104","13","105","11","0.99","3","4","42.9%","0","Gold","Level 2","705","Rifler","","","","","","",""
"StrigidaeVT","xPlosiv","94","15","105","12","0.90","3","4","42.9%","1","Gold","Level 2","705","Rifler","","","","","","",""
"TearsofDeath","","90","7","78","12","1.15","4","1","80.0%","2","Gold","Level 2","705","IGL","","","","","","",""
"CryingNutz","","95","9","99","14","0.96","3","3","50.0%","2","Gold","Level 2","701","Rifler","","","","","","",""
"Emily_melody","","84","8","80","13","1.05","3","3","50.0%","1","Gold","Level 2","699","Rifler","","","","","","",""
"matcha","Sacred Raven","91","13","129","7","0.71","4","4","50.0%","2","Gold","Level 2","695","Rifler","","","","","","",""
"HiguVT","","72","12","61","11","1.18","4","1","80.0%","0","Gold","Level 2","695","Rifler","","","","","","",""
"yuuschan","Fruit Basket","116","15","86","13","1.35","3","2","60.0%","3","Gold","Level 2","694","Rifler","","","","","","",""
"Karasu","","87","5","82","15","1.06","3","2","60.0%","2","Gold","Level 2","681","Rifler","","","","","","",""
"midorissi","DiamondOnes","81","17","94","11","0.86","3","4","42.9%","0","Gold","Level 2","680","Rifler","","","","","","",""
"kkayyteeee","Lemon Tree","104","8","100","12","1.04","3","3","50.0%","1","Gold","Level 2","676","Rifler","","","","","","",""
"kimmixd","","76","4","60","13","1.27","3","2","60.0%","","Gold","Level 2","675","Awper","","","","","","",""
"4_naru","Caelum Scala","79","6","83","9","0.95","4","2","66.7%","2","Gold","Level 2","673","Awper","","","","","","",""
"Gabe","ADMIN","83","5","76","14","1.09","4","0","100.0%","1","Gold","Level 2","667","Player","","","","","","",""
"Niito","Team Neverseen","84","13","77","7","1.09","4","2","66.7%","1","Gold","Level 2","667","Fill","","","","","","",""
"briant","","106","20","110","13","0.96","2","5","28.6%","0","Gold","Level 2","661","IGL","","","","","","",""
"JWQI","Lemon Tree","93","18","91","11","1.02","3","3","50.0%","2","Gold","Level 2","660","Rifler","","","","","","",""
"TRPaki","","79","19","87","12","0.91","3","3","50.0%","0","Gold","Level 2","659","Rifler","","","","","","",""
"Kairi","KIEDZ","96","11","103","12","0.93","3","3","50.0%","4","Gold","Level 2","656","Fill","","","","","","",""
"Spectrum Gabriel","","85","16","100","15","0.85","3","2","60.0%","5","Gold","Level 2","651","NA","","","","","","",""
"Sketch","Aimpunch","118","9","131","11","0.90","2","6","25.0%","6","Gold","Level 2","644","Rifler","","","","","","",""
"Nerfox","","92","17","88","10","1.05","3","3","50.0%","1","Gold","Level 2","644","Rifler","","","","","","",""
"Nutzeru","Bluebird","109","9","88","12","1.24","2","4","33.3%","3","Gold","Level 2","642","Rifler","","","","","","",""
"MugCowPayLucky","Ukiyo","82","12","81","13","1.01","3","2","60.0%","2","Gold","Level 2","637","Awper","","","","","","",""
"xmeijixx","","88","12","80","13","1.10","2","4","33.3%","2","Gold","Level 2","637","IGL","","","","","","",""
"Yaekia","","73","11","73","13","1.00","3","2","60.0%","","Gold","Level 2","635","Rifler","","","","","","",""
"mmirawr_","The Gigarage","92","8","104","15","0.88","2","4","33.3%","1","Gold","Level 2","630","Rifler","","","","","","",""
"inaxho","Cosmos","126","20","125","19","1.01","0","7","0.0%","4","Gold","Level 2","625","IGL","","","","","","",""
"DelphoxLuna","Cosmos","87","10","92","14","0.95","2","4","33.3%","2","Gold","Level 2","624","Rifler","","","","","","",""
"Soozy","Cyanide","66","17","65","12","1.02","3","2","60.0%","","Gold","Level 2","624","IGL","","","","","","",""
"voxslefthorn","","89","15","93","16","0.96","2","3","40.0%","4","Gold","Level 2","621","Rifler","","","","","","",""
"ProPHOcy_","","67","7","65","12","1.03","3","2","60.0%","0","Gold","Level 2","618","Awper","","","","","","",""
"AyanOwOT","","71","13","86","11","0.83","3","3","50.0%","0","Gold","Level 2","618","Awper","","","","","","",""
"Hanarisu","Aspire","76","9","91","11","0.84","3","3","50.0%","0","Gold","Level 2","617","IGL","","","","","","",""
"Scorpium","Opal","73","16","103","12","0.71","3","3","50.0%","2","Gold","Level 2","615","Awper","","","","","","",""
"Kai","Ukiyo","108","17","129","10","0.84","2","6","25.0%","1","Gold","Level 2","612","IGL","","","","","","",""
"FeatBri","Moonlit Tempo","68","10","80","13","0.85","3","2","60.0%","1","Gold","Level 2","609","Rifler","","","","","","",""
"potatodepresso","0v3","83","17","97","10","0.86","3","3","50.0%","1","Gold","Level 2","605","Rifler","","","","","","",""
"Suzuyunn","Aeternum","118","14","138","12","0.86","1","8","11.1%","","Gold","Level 2","601","IGL","","","","","","",""
"Dazeido","","106","16","111","12","0.95","2","4","33.3%","2","Gold","Level 2","588","Rifler","","","","","","",""
"jhjj80","Team Neverseen","75","7","56","11","1.34","3","1","75.0%","1","Gold","Level 2","582","IGL","","","","","","",""
"AppleOrangePear","Bluebird","66","9","81","9","0.81","3","3","50.0%","","Gold","Level 2","573","Rifler","","","","","","",""
"kimonra","","86","16","97","8","0.89","3","3","50.0%","2","Gold","Level 2","571","Rifler","","","","","","",""
"Ryker_Sterling","entity","96","10","109","12","0.88","2","4","33.3%","2","Gold","Level 2","570","Rifler","","","","","","",""
"bluenerd8","The Gigarage","67","10","83","8","0.81","4","1","80.0%","2","Gold","Level 2","570","Awper","","","","","","",""
"Hamzyy","","61","4","55","12","1.11","3","1","75.0%","","Silver","Level 2","569","Rifler","","","","","","",""
"Anony","degree","72","16","90","10","0.80","2","5","28.6%","0","Silver","Level 2","563","Awper","","","","","","",""
"Kaito_Oshino","","60","4","50","11","1.20","3","1","75.0%","","Silver","Level 2","562","Rifler","","","","","","",""
"Just_Ansel","","48","8","82","7","0.59","4","2","66.7%","","Silver","Level 2","562","IGL","","","","","","",""
"Aweberry","","74","10","95","5","0.78","4","2","66.7%","2","Silver","Level 2","561","Awper","","","","","","",""
"Nifela","PepegaX","91","11","102","11","0.89","2","4","33.3%","2","Silver","Level 2","553","IGL","","","","","","",""
"Tsumugi Kokage","Astral Bloom","76","14","89","10","0.85","3","2","60.0%","4","Silver","Level 2","552","Rifler","","","","","","",""
"Rethnap","The Nomads","54","9","66","7","0.82","4","1","80.0%","","Silver","Level 2","552","IGL","","","","","","",""
"TiF2","Round Loss Bonus","99","10","95","13","1.04","1","5","16.7%","2","Silver","Level 2","548","Rifler","","","","","","",""
"Mango","Fruit Basket","85","10","91","14","0.93","1","5","16.7%","","Silver","Level 2","547","Fill","","","","","","",""
"le_pyrrhic","Round Loss Bonus","69","8","72","12","0.96","2","3","40.0%","","Silver","Level 2","539","Awper","","","","","","",""
"Ginjo Saine","","66","9","58","10","1.14","3","1","75.0%","1","Silver","Level 2","537","Rifler","","","","","","",""
"murasakibara_tsuki1","Round Loss Bonus","90","8","63","8","1.43","3","1","75.0%","1","Silver","Level 2","534","Rifler","","","","","","",""
"RaviasEir","","73","14","67","7","1.09","3","2","60.0%","","Silver","Level 2","533","Rifler","","","","","","",""
"Phxebe","Fruit Basket","84","8","79","14","1.06","1","4","20.0%","1","Silver","Level 2","528","Awper","","","","","","",""
"XueHuaVT","Masmark","89","15","93","11","0.96","2","3","40.0%","1","Silver","Level 2","521","IGL","","","","","","",""
"Laurel","","65","14","103","8","0.63","3","3","50.0%","2","Silver","Level 2","519","Rifler","","","","","","",""
"anju_o","","76","3","80","5","0.95","3","3","50.0%","0","Silver","Level 2","515","Rifler","","","","","","",""
"zhizyii","","71","9","76","11","0.93","2","3","40.0%","","Silver","Level 2","515","IGL","","","","","","",""
"XueQiii","","83","12","94","9","0.88","2","4","33.3%","0","Silver","Level 2","513","Rifler","","","","","","",""
"kn","Masmark","63","0","50","14","1.26","1","3","25.0%","","Silver","Level 2","506","Rifler","","","","","","",""
"kyyltn","Caelum Scala","48","5","45","9","1.07","3","1","75.0%","0","Silver","Level 2","505","Rifler","","","","","","",""
"m0wmeow","99Lives","105","19","117","10","0.90","1","6","14.3%","0","Silver","Level 2","502","Rifler","","","","","","",""
"akuluvr","","86","16","74","11","1.16","2","2","50.0%","2","Silver","Level 2","502","Rifler","","","","","","",""
"Asterisks","Sacred Raven","68","4","69","10","0.99","2","3","40.0%","","Silver","Level 2","501","Rifler","","","","","","",""
"minMaXXer","99Lives","92","12","105","12","0.88","1","5","16.7%","3","Silver","Level 1","496","Rifler","","","","","","",""
"chreyll","Divide&Conquer","59","6","96","7","0.61","3","3","50.0%","","Silver","Level 1","491","Awper","","","","","","",""
"Lyrazal","Bluebird","84","6","82","9","1.02","2","3","40.0%","2","Silver","Level 1","488","IGL","","","","","","",""
"yuuki_PS","PepegaX","77","15","92","10","0.84","2","3","40.0%","2","Silver","Level 1","482","Rifler","","","","","","",""
"AcroBlaze","PepegaX","88","12","99","13","0.89","1","4","20.0%","3","Silver","Level 1","481","Fill","","","","","","",""
"MoonRaika","Lemon Tree","55","7","63","9","0.87","3","1","75.0%","2","Silver","Level 1","480","Awper","","","","","","",""
"wushii","","98","9","75","12","1.31","1","3","25.0%","3","Silver","Level 1","478","Rifler","","","","","","",""
"mond33__","Aimpunch","60","15","98","6","0.61","3","3","50.0%","0","Silver","Level 1","476","Awper","","","","","","",""
"Yarimell","","78","12","100","10","0.78","2","3","40.0%","2","Silver","Level 1","470","Awper","","","","","","",""
"RumiRumi","","75","10","83","9","0.90","2","3","40.0%","","Silver","Level 1","470","Rifler","","","","","","",""
"Pattsuu","","82","6","59","8","1.39","2","2","50.0%","0","Silver","Level 1","468","IGL","","","","","","",""
"MizukiiMoon","","96","7","91","11","1.05","1","4","20.0%","1","Silver","Level 1","466","Rifler","","","","","","",""
"emmabutnormal","","84","8","98","11","0.86","2","2","50.0%","7","Silver","Level 1","457","Awper","","","","","","",""
"Nekota Tsuna","","63","6","44","10","1.43","2","1","66.7%","","Silver","Level 1","451","Rifler","","","","","","",""
"gigichiii_","The Gigarage","68","7","82","12","0.83","1","4","20.0%","2","Silver","Level 1","449","IGL","","","","","","",""
"Asumi Sena","","82","5","74","12","1.11","1","3","25.0%","3","Silver","Level 1","449","Rifler","","","","","","",""
"Elfy Mint","KIEDZ","69","9","64","9","1.08","2","2","50.0%","2","Silver","Level 1","448","Awper","","","","","","",""
"twentyrosie","","57","4","52","9","1.10","3","0","100.0%","1","Silver","Level 1","448","Rifler","","","","","","",""
"Shinomiya Runa","","72","6","66","9","1.09","2","2","50.0%","1","Silver","Level 1","448","Rifler","","","","","","",""
"Choya Hanabi","","49","6","46","9","1.07","3","0","100.0%","0","Silver","Level 1","447","Rifler","","","","","","",""
"kokushi_vampir","Cosmos","62","9","68","10","0.91","2","2","50.0%","1","Silver","Level 1","446","Rifler","","","","","","",""
"TuxedoCat","Aspire","72","11","100","7","0.72","2","4","33.3%","1","Silver","Level 1","439","Rifler","","","","","","",""
"Historia","Infernum E-Sports","73","17","67","11","1.09","1","3","25.0%","0","Silver","Level 1","434","Fill","","","","","","",""
"BaBaYaGa","Aetherline","80","6","95","11","0.84","1","4","20.0%","","Silver","Level 1","430","Awper","","","","","","",""
"Ziweiv","Cyanide","56","21","75","10","0.75","2","2","50.0%","0","Silver","Level 1","430","Fill","","","","","","",""
"JStarWolf","","90","11","115","12","0.78","0","7","0.0%","2","Silver","Level 1","428","IGL","","","","","","",""
"Niamocha","","64","1","58","8","1.10","2","2","50.0%","0","Silver","Level 1","426","IGL","","","","","","",""
"Yumeno Akari","","54","3","44","7","1.23","2","2","50.0%","0","Silver","Level 1","425","Awper","","","","","","",""
"Meowcolmz","Lemon Tree","74","6","72","9","1.03","1","4","20.0%","","Silver","Level 1","421","IGL","","","","","","",""
"simply_perezoso","Neverland","62","8","61","8","1.02","2","2","50.0%","0","Silver","Level 1","420","Rifler","","","","","","",""
"PenguChi","","61","16","82","9","0.74","1","5","16.7%","","Silver","Level 1","415","Rifler","","","","","","",""
"bodexx","","50","3","39","9","1.28","2","1","66.7%","0","Silver","Level 1","414","Rifler","","","","","","",""
"Moira","Aspire","48","12","52","8","0.92","2","2","50.0%","0","Silver","Level 1","412","Rifler","","","","","","",""
"Goonuyun","","80","10","114","8","0.70","1","6","14.3%","0","Silver","Level 1","411","NA","","","","","","",""
"Chiai Fujikawa","Aimpunch","53","12","58","11","0.91","1","3","25.0%","0","Silver","Level 1","409","IGL","","","","","","",""
"Kamito","","64","6","85","9","0.75","1","5","16.7%","","Silver","Level 1","409","Awper","","","","","","",""
"Marsinss","Aeternum","68","10","84","10","0.81","1","4","20.0%","","Silver","Level 1","407","Awper","","","","","","",""
"xyrolizea","Masmark","39","9","52","6","0.75","3","1","75.0%","","Silver","Level 1","406","Awper","","","","","","",""
"urnisa_","Masmark","60","7","68","8","0.88","2","2","50.0%","","Silver","Level 1","401","Rifler","","","","","","",""
"Zarlard","","88","5","69","11","1.28","1","2","33.3%","4","Silver","Level 1","401","IGL","","","","","","",""
"Sayucchi","Neverland","60","7","60","10","1.00","1","3","25.0%","","Silver","Level 1","397","Rifler","","","","","","",""
"ErineRurie","","96","10","100","10","1.00","1","4","20.0%","1","Silver","Level 1","396","Rifler","","","","","","",""
"BluBEAR","99Lives","55","3","55","7","1.00","2","2","50.0%","0","Silver","Level 1","394","Awper","","","","","","",""
"Anndreika","Aetherline","47","7","43","6","1.09","2","2","50.0%","0","Silver","Level 1","391","Rifler","","","","","","",""
"Kurumi Noah","","57","5","55","9","1.04","2","1","66.7%","2","Silver","Level 1","390","Rifler","","","","","","",""
"chiyoriinn","Infernum E-Sports","59","7","74","5","0.80","3","1","75.0%","2","Silver","Level 1","389","Awper","","","","","","",""
"dudriduo_","Unforgettable","56","16","55","6","1.02","2","2","50.0%","0","Silver","Level 1","387","Rifler","","","","","","",""
"Syrrith","","47","9","53","4","0.89","3","1","75.0%","","Silver","Level 1","384","Rifler","","","","","","",""
"Aranionja","","63","7","83","11","0.76","1","3","25.0%","5","Silver","Level 1","384","Awper","","","","","","",""
"Stylus","Aspire","68","13","93","6","0.73","2","3","40.0%","0","Silver","Level 1","383","Awper","","","","","","",""
"shirou_kitakami","","65","4","73","7","0.89","2","2","50.0%","3","Silver","Level 1","380","Rifler","","","","","","",""
"Airizu","","63","7","64","6","0.98","2","2","50.0%","1","Bronze","Level 1","375","Rifler","","","","","","",""
"ostc.x","","67","10","87","7","0.77","1","5","16.7%","0","Bronze","Level 1","375","IGL","","","","","","",""
"dla.wo","","38","3","33","5","1.15","3","0","100.0%","","Bronze","Level 1","374","Rifler","","","","","","",""
"VSSMB","","34","4","37","6","0.92","3","0","100.0%","0","Bronze","Level 1","372","IGL","","","","","","",""
"VeniceC","Bloom E-Sports","79","11","75","6","1.05","1","4","20.0%","","Bronze","Level 1","369","Rifler","","","","","","",""
"Shuvimo","","51","6","43","7","1.19","2","1","66.7%","2","Bronze","Level 1","367","IGL","","","","","","",""
"Michimouto","","43","5","55","4","0.78","3","1","75.0%","","Bronze","Level 1","367","Rifler","","","","","","",""
"Bajiru_EN","","57","5","51","10","1.12","1","2","33.3%","1","Bronze","Level 1","366","Rifler","","","","","","",""
"Juno Umezono","","63","8","47","6","1.34","2","1","66.7%","1","Bronze","Level 1","363","Rifler","","","","","","",""
"Airizu","","25","5","41","7","0.61","3","0","100.0%","0","Bronze","Level 1","362","Rifler","","","","","","",""
"MilliannaVT","","50","3","56","9","0.89","1","3","25.0%","0","Bronze","Level 1","360","Awper","","","","","","",""
"yumezukiyomi","","90","15","116","6","0.78","1","5","16.7%","3","Bronze","Level 1","357","Awper","","","","","","",""
"obvMX","","58","2","58","5","1.00","2","2","50.0%","0","Bronze","Level 1","353","IGL","","","","","","",""
"ruamamiya","","48","10","58","8","0.83","2","1","66.7%","2","Bronze","Level 1","352","Awper","","","","","","",""
"kitties258","division20","46","8","56","7","0.82","1","4","20.0%","","Bronze","Level 1","351","Awper","","","","","","",""
"declaration__","KIEDZ","62","6","56","9","1.11","1","2","33.3%","1","Bronze","Level 1","345","Awper","","","","","","",""
"Celtsm","Moonlit Tempo","45","8","40","6","1.13","2","1","66.7%","0","Bronze","Level 1","343","IGL","","","","","","",""
"StrandedPond","","41","11","38","6","1.08","2","1","66.7%","","Bronze","Level 1","341","Rifler","","","","","","",""
"rach.elx_","","43","1","46","7","0.93","2","1","66.7%","1","Bronze","Level 1","338","Rifler","","","","","","",""
"HakoP","","71","7","58","8","1.22","1","2","33.3%","1","Bronze","Level 1","337","IGL","","","","","","",""
"hikopiko_","Alcheministry","53","4","53","7","1.00","1","3","25.0%","","Bronze","Level 1","335","Awper","","","","","","",""
"adrina.ii","Neverland","54","13","52","8","1.04","1","2","33.3%","1","Bronze","Level 1","323","Awper","","","","","","",""
"ItzMaigo","","37","11","66","6","0.56","2","2","50.0%","0","Bronze","Level 1","321","Rifler","","","","","","",""
"KiokoCheiko","","35","5","38","6","0.92","2","1","66.7%","0","Bronze","Level 1","320","Rifler","","","","","","",""
"lilraxxx","DiamondOnes","57","7","67","7","0.85","1","3","25.0%","0","Bronze","Level 1","317","Awper","","","","","","",""
"zenn1sm","0v3","64","11","84","9","0.76","0","5","0.0%","2","Bronze","Level 1","313","IGL","","","","","","",""
"estellyy.","Masmark","42","10","65","8","0.65","1","3","25.0%","0","Bronze","Level 1","312","Awper","","","","","","",""
"Yixl","Artisian","39","1","58","5","0.67","2","2","50.0%","","Bronze","Level 1","309","Awper","","","","","","",""
"tanykeat","Alcheministry","62","16","79","5","0.78","1","4","20.0%","1","Bronze","Level 1","308","IGL","","","","","","",""
"LeilaMayadah","","37","2","47","6","0.79","2","1","66.7%","0","Bronze","Level 1","304","Awper","","","","","","",""
"ssseiso","","53","5","43","6","1.23","1","2","33.3%","0","Bronze","Level 1","298","Rifler","","","","","","",""
"balililmao","Aimpunch","26","0","20","6","1.30","2","0","100.0%","","Bronze","Level 1","296","Rifler","","","","","","",""
"cshhp","Fruit Basket","44","3","44","7","1.00","1","2","33.3%","1","Bronze","Level 1","294","Rifler","","","","","","",""
"Hanabusa Lisa","","46","5","55","3","0.84","2","2","50.0%","1","Bronze","Level 1","294","IGL","","","","","","",""
"Loonatic","","44","6","65","7","0.68","1","3","25.0%","1","Bronze","Level 1","293","Awper","","","","","","",""
"Reffelexx","PepegaX","34","6","34","4","1.00","2","1","66.7%","","Bronze","Level 1","290","Awper","","","","","","",""
"Amayui Moka","","45","5","69","4","0.65","2","2","50.0%","1","Bronze","Level 1","289","Rifler","","","","","","",""
"heavenweeps","Cyanide","51","6","65","6","0.78","1","3","25.0%","1","Bronze","Level 1","287","Awper","","","","","","",""
"Kaminari Qpi","","44","3","48","7","0.92","1","2","33.3%","0","Bronze","Level 1","285","Rifler","","","","","","",""
"Austin","ADMIN","31","1","10","7","3.10","1","0","100.0%","","Bronze","Level 1","281","Player","","","","","","",""
"crazywhoopies","New Jade","61","1","68","5","0.90","1","3","25.0%","1","Bronze","Level 1","279","Awper","","","","","","",""
"itswendy_","","46","6","66","3","0.70","2","2","50.0%","0","Bronze","Level 1","276","IGL","","","","","","",""
"tiniibee","","44","5","44","6","1.00","1","2","33.3%","1","Bronze","Level 1","275","Rifler","","","","","","",""
"Kaga Sumire","","42","3","50","5","0.84","1","3","25.0%","","Bronze","Level 1","273","Awper","","","","","","",""
"HeyImKaiWen","Team Neverseen","45","9","48","6","0.94","1","2","33.3%","","Bronze","Level 1","271","Awper","","","","","","",""
"d.chong","Alcheministry","31","8","47","2","0.66","3","0","100.0%","1","Bronze","Level 1","268","Rifler","","","","","","",""
"boopydoopy","","80","4","84","7","0.95","0","4","0.0%","6","Bronze","Level 1","268","Awper","","","","","","",""
"kenzieyii","","64","5","68","4","0.94","1","3","25.0%","","Bronze","Level 1","267","Rifler","","","","","","",""
"vixi","","53","4","51","8","1.04","0","3","0.0%","","Bronze","Level 1","265","Rifler","","","","","","",""
"soapdax","Infernum E-Sports","46","6","53","6","0.87","1","2","33.3%","1","Bronze","Level 1","262","Awper","","","","","","",""
"tapiyokaaa","xPlosiv","38","1","43","6","0.88","1","2","33.3%","0","Bronze","Level 1","261","Rifler","","","","","","",""
"salty","ADMIN","43","7","41","7","1.05","1","1","50.0%","1","Bronze","Level 1","258","Player","","","","","","",""
"Tosaki Mimi","","46","3","46","5","1.00","1","2","33.3%","0","Bronze","Level 1","254","Awper","","","","","","",""
"Sakami","Unforgettable","48","11","75","8","0.64","0","4","0.0%","1","Bronze","Level 1","251","Awper","","","","","","",""
"Ryujin","","34","10","43","3","0.79","2","1","66.7%","","Bronze","Level 1","251","Rifler","","","","","","",""
"Seireiix","Opal","36","5","55","5","0.65","1","3","25.0%","","Bronze","Level 1","250","Awper","","","","","","",""
"Wellson111","Sacred Raven","47","10","60","1","0.78","2","2","50.0%","","Bronze","Level 1","250","Rifler","","","","","","",""
"Uzuhii","Setting Sun","27","8","21","3","1.29","2","0","100.0%","0","Bronze","Level 1","243","Rifler","","","","","","",""
"xJavyz","entity","52","10","74","7","0.70","0","4","0.0%","1","Bronze","Level 1","238","Rifler","","","","","","",""
"yukihimeowo","","51","13","48","6","1.06","0","3","0.0%","2","Bronze","Level 1","234","Rifler","","","","","","",""
"Kojadayo","","45","6","50","7","0.90","0","3","0.0%","0","Bronze","Level 1","233","Rifler","","","","","","",""
"AngelXAim","5PERCENT","38","16","58","5","0.66","1","2","33.3%","1","Bronze","Level 1","226","Awper","","","","","","",""
"Xyrren","","67","19","117","4","0.57","0","7","0.0%","0","Bronze","Level 1","224","IGL","","","","","","",""
"Narin Mikure","","48","7","72","5","0.67","1","2","33.3%","3","Bronze","Level 1","222","Awper","","","","","","",""
"nattyuwus","Ukiyo","51","17","75","3","0.68","1","3","25.0%","1","Bronze","Level 1","219","Rifler","","","","","","",""
"des506","Raven Song","46","8","49","6","0.94","0","3","0.0%","","Bronze","Level 1","218","Rifler","","","","","","",""
"Yakumo Beni","","32","9","33","5","0.97","1","1","50.0%","","Bronze","Level 1","215","Rifler","","","","","","",""
"KurmitSuicidal","","28","2","28","5","1.00","1","1","50.0%","0","Bronze","Level 1","213","IGL","","","","","","",""
"SachiMizora","","45","5","63","5","0.71","0","4","0.0%","0","Bronze","Level 1","198","Rifler","","","","","","",""
"InfiniteBreaker","Divide&Conquer","27","5","27","4","1.00","1","1","50.0%","","Bronze","Level 1","195","Fill","","","","","","",""
"L2Strike","","39","4","38","4","1.03","1","1","50.0%","1","Bronze","Level 1","195","IGL","","","","","","",""
"LITA","Divide&Conquer","43","12","68","5","0.63","0","4","0.0%","0","Bronze","Level 1","191","Rifler","","","","","","",""
"Xevaria","","49","3","55","5","0.89","0","3","0.0%","2","Bronze","Level 1","190","Rifler","","","","","","",""
"Icington the third","","27","2","30","4","0.90","1","1","50.0%","","Bronze","Level 1","186","NA","","","","","","",""
"cherri_vt","Cosmos","24","4","28","4","0.86","1","1","50.0%","","Bronze","Level 1","185","Rifler","","","","","","",""
"Yixl69","ADMIN","33","0","17","6","1.94","0","1","0.0%","","Iron","Level 1","184","Player","","","","","","",""
"ItzMaigay","","28","4","35","4","0.80","1","1","50.0%","1","Iron","Level 1","180","NA","","","","","","",""
"teckiyo","Technomancy","29","8","42","0","0.69","2","1","66.7%","","Iron","Level 1","179","IGL","","","","","","",""
"pashionfruit18","Team Neverseen","49","8","67","5","0.73","0","3","0.0%","0","Iron","Level 1","176","Rifler","","","","","","",""
"Sendo Yuuhi","","28","2","34","2","0.82","1","2","33.3%","","Iron","Level 1","176","Rifler","","","","","","",""
"Jira Jisaki","","23","4","25","3","0.92","1","1","50.0%","0","Iron","Level 1","169","Rifler","","","","","","",""
"jaelyo","Setting Sun","48","10","63","3","0.76","0","4","0.0%","0","Iron","Level 1","167","Rifler","","","","","","",""
"kyomikoo","","35","5","36","5","0.97","0","2","0.0%","1","Iron","Level 1","167","Rifler","","","","","","",""
"PSYSTRA","","39","5","54","2","0.72","1","2","33.3%","0","Iron","Level 1","167","Awper","","","","","","",""
"koen","Raven Song","24","6","35","2","0.69","1","2","33.3%","0","Iron","Level 1","166","Awper","","","","","","",""
"Zoweya","degree","31","3","28","2","1.11","1","1","50.0%","","Iron","Level 1","160","Rifler","","","","","","",""
"jenapoppins","New Jade","32","8","54","2","0.59","1","2","33.3%","","Iron","Level 1","156","Rifler","","","","","","",""
"voidnw","","20","4","14","3","1.43","1","0","100.0%","0","Iron","Level 1","148","Rifler","","","","","","",""
"Decrease","Cyanide","41","8","51","3","0.80","0","3","0.0%","","Iron","Level 1","145","Rifler","","","","","","",""
"Shiranami Ramune","Astral Bloom","25","3","30","2","0.83","1","1","50.0%","","Iron","Level 1","142","Awper","","","","","","",""
"Cursiffe","xPlosiv","25","4","21","5","1.19","0","1","0.0%","2","Iron","Level 1","141","Rifler","","","","","","",""
"afayctionate","","18","5","26","2","0.69","1","1","50.0%","","Iron","Level 1","135","Rifler","","","","","","",""
"emiiiyu","DiamondOnes","32","8","52","3","0.62","0","3","0.0%","","Iron","Level 1","126","Rifler","","","","","","",""
"SoapiiSereia","","14","3","14","2","1.00","1","0","100.0%","","Iron","Level 1","113","Rifler","","","","","","",""
"_froggiee","","11","3","11","2","1.00","1","0","100.0%","0","Iron","Level 1","113","Awper","","","","","","",""
"Shuvimo","","15","7","17","2","0.88","1","0","100.0%","","Iron","Level 1","111","IGL","","","","","","",""
"Jeribean","New Jade","20","5","34","1","0.59","1","1","50.0%","","Iron","Level 1","107","Awper","","","","","","",""
"CodedEcho","","15","1","17","2","0.88","1","0","100.0%","","Iron","Level 1","107","NA","","","","","","",""
"bloodbane","","25","5","32","2","0.78","0","2","0.0%","","Iron","Level 1","95","Rifler","","","","","","",""
"miruaamaochi","","16","2","16","1","1.00","1","0","100.0%","0","Iron","Level 1","92","NA","","","","","","",""
"Xav","ADMIN","15","0","17","3","0.88","0","1","0.0%","0","Iron","Level 1","89","Player","","","","","","",""
"cwstalVT","","27","6","20","2","1.35","0","1","0.0%","1","Iron","Level 1","88","IGL","","","","","","",""
"AuraSinVT","","22","1","17","2","1.29","0","1","0.0%","","Iron","Level 1","83","IGL","","","","","","",""
"88EXP","xPlosiv","10","1","9","0","1.11","1","0","100.0%","","Iron","Level 1","75","IGL","","","","","","",""
"moricorovt","","15","0","14","2","1.07","0","1","0.0%","","Iron","Level 1","75","Awper","","","","","","",""
"MKAkili","","17","5","18","2","0.94","0","1","0.0%","1","Iron","Level 1","74","Rifler","","","","","","",""
"Aizawa Ema","","21","0","15","1","1.40","0","1","0.0%","","Iron","Level 1","66","Rifler","","","","","","",""
"Arya Kuroha","","22","1","26","0","0.85","1","0","100.0%","2","Iron","Level 1","66","Rifler","","","","","","",""
"_kellyxleox_","Unforgettable","8","3","12","0","0.67","1","0","100.0%","","Iron","Level 1","62","Rifler","","","","","","",""
"Karoni","","11","0","12","1","0.92","0","1","0.0%","0","Iron","Level 1","50","Rifler","","","","","","",""
"pastellows","","13","1","19","1","0.68","0","1","0.0%","","Iron","Level 1","43","Rifler","","","","","","",""
"luminichi","Lemon Tree","8","1","18","1","0.44","0","1","0.0%","","Iron","Level 1","35","Awper","","","","","","",""
"TokieShepherdVT","xPlosiv","8","0","17","0","0.47","0","1","0.0%","0","Iron","Level 1","16","Rifler","","","","","","",""
"MiruuxdVT","","","","","","","","","","","","","","Rifler","","","","","",""
"byeolyuna","","","","","","","","","","","","","","Rifler","","","","","",""
"GreatMoonAroma","","","","","","","","","","","","","","Rifler","","","","","",""
"RaivyRain","","","","","","","","","","","","","","Awper","","","","","",""
"zero_macabre","","","","","","","","","","","","","","Rifler","","","","","",""
"HikariiFloofie","","","","","","","","","","","","","","Rifler","","","","","",""
"tedstyx","","","","","","","","","","","","","","IGL","","","","","",""
"RDarius","","","","","","","","","","","","","","Awper","","","","","",""
"colour","","","","","","","","","","","","","","Awper","","","","","",""
"Nico","","","","","","","","","","","","","","Rifler","","","","","",""
"sozu","","","","","","","","","","","","","","Rifler","","","","","",""
"renren.","","","","","","","","","","","","","","Rifler","","","","","",""
"SyberiaK","","","","","","","","","","","","","","Rifler","","","","","",""
"ixc999","","","","","","","","","","","","","","Awper","","","","","",""
"SUMMER","","","","","","","","","","","","","","Rifler","","","","","",""
"FLAVA","","","","","","","","","","","","","","IGL","","","","","",""
"jackgia2002","","","","","","","","","","","","","","Rifler","","","","","",""
"IcyCrowVT","","","","","","","","","","","","","","IGL","","","","","",""
"suoh","","","","","","","","","","","","","","Awper","","","","","",""
"DarkLite","","","","","","","","","","","","","","Rifler","","","","","",""
"","","","","","","","","","","","#N/A","Stone","","","","","","","","",""
"","","","","","","","","","","","#N/A","Stone","","","","","","","","",""
"","","","","","","","","","","","#N/A","Stone","","","","","","","","",""
"","","","","","","","","","","","#N/A","Stone","","","","","","","","",""
"","","","","","","","","","","","#N/A","Stone","","","","","","","","",""
"","","","","","","","","","","","#N/A","Stone","","","","","","","","",""
