"Player","Team","Kills","Assist","Deaths","MVP","KDR","Wins","Losses","Winrate","OT Participation","Rank","BPL Rank","Rank Rating","Role","","","","","","Legend","Role Legend",""
"Navikuun","0v3","242","34","212","43","1.14","7","8","46.7%","0","Silver","Level 4","1632","Rifler","","","","","","< 1 Year","Rifler",""
"zenn1sm","0v3","227","64","252","38","0.90","5","11","31.3%","0","Bronze","Level 3","1268","IGL","","","","","","> 1 Year","Awper",""
"potatodepresso","0v3","236","44","252","34","0.94","5","11","31.3%","0","Iron","Level 3","1221","Rifler","","","","","","> 2 Year","Fill",""
"Pearlim","0v3","245","44","251","30","0.98","5","11","31.3%","0","Iron","Level 3","1184","Awper","","","","","","","IGL",""
"milkenut","0v3","195","34","249","24","0.78","5","11","31.3%","0","Iron","Level 3","1042","Rifler","","","","","","","",""
"Solaonix","5PERCENT","410","41","319","60","1.29","15","8","65.2%","2","Diamond","Level 5","2280","Rifler","","","","","","","Rating","Name"
"dumbo","5PERCENT","133","8","132","24","1.01","5","4","55.6%","2","Bronze","Level 3","1272","IGL","","","","","","","0-499","Level 1"
"TortillaRoll","5PERCENT","149","20","133","21","1.12","5","4","55.6%","2","Iron","Level 3","1254","Rifler","","","","","","","500-999","Level 2"
"Kisaragi Ren","5PERCENT","140","16","124","20","1.13","5","4","55.6%","2","Iron","Level 3","1235","Rifler","","","","","","","1000-1499","Level 3"
"AngelxAim","5PERCENT","109","20","139","17","0.78","5","4","55.6%","2","Iron","Level 3","1074","Awper","","","","","","","1500-1999","Level 4"
"Sheep","99Lives","336","64","314","55","1.07","12","9","57.1%","0","Platinum","Level 4","1970","Awper","","","","","","","2000-2499","Level 5"
"y1jingg","99Lives","373","79","323","49","1.15","12","9","57.1%","0","Platinum","Level 4","1945","IGL","","","","","","","2500-2999","Level 6"
"minMaXXer","99Lives","317","81","318","44","1.00","12","9","57.1%","0","Gold","Level 4","1846","Rifler","","","","","","","3000-3499","Level 7"
"m0wmeow","99Lives","303","87","344","47","0.88","12","9","57.1%","0","Gold","Level 4","1836","Rifler","","","","","","","3500-3999","Level 8"
"BluBEAR","99Lives","330","71","335","41","0.99","12","9","57.1%","0","Gold","Level 4","1809","Awper","","","","","","","4000-4499","Level 9"
"Marsinss","Aeternum","308","57","289","47","1.07","10","8","55.6%","0","Gold","Level 4","1811","Awper","","","","","","","4500+","Level 10"
"Applezxc","Aeternum","286","53","273","43","1.05","10","8","55.6%","0","Gold","Level 4","1761","Fill","","","","","","","",""
"CrimsynFlames","Aeternum","315","58","311","44","1.01","10","8","55.6%","0","Gold","Level 4","1759","Rifler","","","","","","","",""
"Suzuyunn","Aeternum","289","61","306","38","0.94","10","8","55.6%","0","Silver","Level 4","1671","IGL","","","","","","","",""
"drip","Aeternum","295","62","305","35","0.97","10","8","55.6%","0","Silver","Level 4","1646","Awper","","","","","","","",""
"NipNip","Aetherline","522","82","465","95","1.12","21","12","63.6%","0","Champion","Level 6","2731","IGL","","","","","","","",""
"EfreetsZ","Aetherline","564","55","478","84","1.18","21","12","63.6%","0","Grandmaster","Level 6","2676","Rifler","","","","","","","",""
"Anndreika","Aetherline","519","67","482","69","1.08","21","12","63.6%","0","High Master","Level 6","2554","Rifler","","","","","","","",""
"awtoh","Aetherline","484","64","491","64","0.99","21","12","63.6%","0","Master","Level 5","2493","Rifler","","","","","","","",""
"BaBaYaGa","Aetherline","437","61","476","63","0.92","21","12","63.6%","0","Master","Level 5","2464","Awper","","","","","","","",""
"Chiai Fujikawa","Aimpunch","403","81","358","61","1.13","15","10","60.0%","1","Diamond","Level 5","2188","IGL","","","","","","","",""
"Sketch","Aimpunch","355","56","348","63","1.02","15","10","60.0%","1","Diamond","Level 5","2163","Rifler","","","","","","","",""
"balililmao","Aimpunch","354","73","352","50","1.01","15","10","60.0%","1","Emerald","Level 5","2059","Rifler","","","","","","","",""
"[Idiot] AngelCrutcher","Aimpunch","333","76","353","44","0.94","15","10","60.0%","1","Emerald","Level 4","1991","Fill","","","","","","","",""
"mond33__","Aimpunch","316","72","368","41","0.86","15","10","60.0%","1","Platinum","Level 4","1937","Awper","","","","","","","",""
"tanykeat","Alcheministry","338","77","299","54","1.13","10","9","52.6%","5","Platinum","Level 4","1876","IGL","","","","","","","",""
"d.chong","Alcheministry","316","60","302","57","1.05","10","9","52.6%","5","Platinum","Level 4","1874","Rifler","","","","","","","",""
"hikopiko_","Alcheministry","313","44","287","37","1.09","10","9","52.6%","5","Silver","Level 4","1673","Awper","","","","","","","",""
"EviKuroneko","Alcheministry","293","54","309","37","0.95","10","9","52.6%","5","Silver","Level 4","1629","Rifler","","","","","","","",""
"NekoSoji","Alcheministry","256","59","302","33","0.85","10","9","52.6%","5","Silver","Level 4","1556","Awper","","","","","","","",""
"SanCtuary","Artisian","505","110","436","90","1.16","15","12","55.6%","1","Master","Level 5","2367","IGL","","","","","","","",""
"rebellioniite","Artisian","449","95","449","67","1.00","15","12","55.6%","1","Emerald","Level 5","2140","Rifler","","","","","","","",""
"Skyllabtw","Artisian","480","84","433","57","1.11","15","12","55.6%","1","Emerald","Level 5","2100","Rifler","","","","","","","",""
"Yixl","Artisian","436","67","434","60","1.00","15","12","55.6%","1","Emerald","Level 5","2084","Awper","","","","","","","",""
"KTenshi","Artisian","457","98","435","56","1.05","15","12","55.6%","1","Emerald","Level 5","2077","Rifler","","","","","","","",""
"TuxedoCat","Aspire","284","58","277","42","1.03","7","12","36.8%","0","Bronze","Level 3","1438","Rifler","","","","","","","",""
"Hanarisu","Aspire","285","55","301","46","0.95","7","12","36.8%","0","Bronze","Level 3","1451","IGL","","","","","","","",""
"Moira","Aspire","275","55","295","41","0.93","7","12","36.8%","0","Bronze","Level 3","1394","Rifler","","","","","","","",""
"caarrietan","Aspire","271","71","282","32","0.96","7","12","36.8%","0","Bronze","Level 3","1316","Rifler","","","","","","","",""
"Stylus","Aspire","219","57","287","21","0.76","7","12","36.8%","0","Iron","Level 3","1129","Awper","","","","","","","",""
"Tachibana Hinano","Astral Bloom","325","40","287","47","1.13","6","12","33.3%","0","Bronze","Level 3","1461","Rifler","","","","","","","",""
"Shiranami Ramune","Astral Bloom","291","50","294","42","0.99","6","12","33.3%","0","Bronze","Level 3","1361","Awper","","","","","","","",""
"Remia Aotsuki","Astral Bloom","300","68","296","38","1.01","6","12","33.3%","0","Bronze","Level 3","1331","IGL","","","","","","","",""
"Tsumugi Kokage","Astral Bloom","291","70","307","34","0.95","6","12","33.3%","0","Bronze","Level 3","1265","Rifler","","","","","","","",""
"Eris Suzukami","Astral Bloom","214","33","179","23","1.20","5","8","38.5%","0","Iron","Level 3","1258","Rifler","","","","","","","",""
"plainyingying","BLOOM E-Sports","449","80","399","61","1.13","12","12","50.0%","2","Platinum","Level 4","1951","Rifler","","","","","","","",""
"fleurcoz","BLOOM E-Sports","392","79","411","57","0.95","13","11","54.2%","2","Platinum","Level 4","1947","Rifler","","","","","","","",""
"winda","BLOOM E-Sports","379","70","397","59","0.95","12","12","50.0%","2","Platinum","Level 4","1875","IGL","","","","","","","",""
"lumpydayo","BLOOM E-Sports","399","91","406","54","0.98","12","12","50.0%","2","Gold","Level 4","1848","Rifler","","","","","","","",""
"VeniceC","BLOOM E-Sports","377","81","408","37","0.92","12","12","50.0%","2","Gold","Level 4","1684","Rifler","","","","","","","",""
"beyouna","Bluebird","355","75","324","51","1.10","9","11","45.0%","0","Gold","Level 4","1706","Rifler","","","","","","","",""
"Nutzeru","Bluebird","383","76","313","45","1.22","9","11","45.0%","0","Gold","Level 4","1689","Rifler","","","","","","","",""
"AppleOrangePear","Bluebird","329","55","328","50","1.00","9","11","45.0%","0","Silver","Level 4","1659","Rifler","","","","","","","",""
"l1feless","Bluebird","288","65","312","48","0.92","9","11","45.0%","0","Silver","Level 4","1616","Awper","","","","","","","",""
"Volatus","Bluebird","310","66","333","41","0.93","9","11","45.0%","0","Silver","Level 4","1548","IGL","","","","","","","",""
"lenette","Caelum Scala","374","68","343","60","1.09","11","15","42.3%","0","Gold","Level 4","1794","Awper","","","","","","","",""
"Nyuii","Caelum Scala","360","103","359","59","1.00","11","15","42.3%","0","Gold","Level 4","1767","Rifler","","","","","","","",""
"Baer","Caelum Scala","325","91","346","51","0.94","11","15","42.3%","0","Gold","Level 4","1682","IGL","","","","","","","",""
"4_naru","Caelum Scala","316","76","362","41","0.87","11","15","42.3%","0","Silver","Level 4","1577","Awper","","","","","","","",""
"kyyltn","Caelum Scala","332","90","374","41","0.89","11","15","42.3%","0","Silver","Level 4","1586","Rifler","","","","","","","",""
"sneakyyyyy","Cosmos","485","83","387","75","1.25","19","9","67.9%","0","Grandmaster","Level 6","2600","Rifler","","","","","","","",""
"inaxho","Cosmos","435","69","409","75","1.06","19","9","67.9%","0","High Master","Level 6","2533","IGL","","","","","","","",""
"azzuto","Cosmos","445","61","389","58","1.14","19","9","67.9%","0","Master","Level 5","2437","Rifler","","","","","","","",""
"kokushi_vampir","Cosmos","407","87","411","55","0.99","19","9","67.9%","0","Master","Level 5","2370","Rifler","","","","","","","",""
"DelphoxLuna","Cosmos","194","16","180","28","1.08","8","5","61.5%","0","Silver","Level 4","1580","Rifler","","","","","","","",""
"Ziweiv","Cyanide","351","70","362","54","0.97","7","14","33.3%","4","Bronze","Level 3","1480","Fill","","","","","","","",""
"Soozy","Cyanide","350","66","367","47","0.95","7","14","33.3%","4","Bronze","Level 3","1406","IGL","","","","","","","",""
"heavenweeps","Cyanide","323","42","330","43","0.98","7","14","33.3%","4","Bronze","Level 3","1371","Awper","","","","","","","",""
"miorine","Cyanide","285","54","345","45","0.83","7","14","33.3%","4","Bronze","Level 3","1343","Awper","","","","","","","",""
"Decrease","Cyanide","319","67","359","30","0.89","7","14","33.3%","4","Iron","Level 3","1224","Rifler","","","","","","","",""
"AltheaVT","degree","335","62","384","45","0.87","17","10","63.0%","0","Emerald","Level 5","2102","Awper","","","","","","","",""
"Zoweya","degree","334","56","304","48","1.10","11","10","52.4%","0","Gold","Level 4","1821","Rifler","","","","","","","",""
"Anony","degree","292","61","299","52","0.98","11","10","52.4%","0","Gold","Level 4","1821","Awper","","","","","","","",""
"VanixEvans","degree","296","67","312","40","0.95","11","10","52.4%","0","Gold","Level 4","1699","IGL","","","","","","","",""
"airawwr","degree","281","57","293","29","0.96","11","10","52.4%","0","Silver","Level 4","1595","Rifler","","","","","","","",""
"notccillia","DiamondOnes","458","110","439","68","1.04","17","11","60.7%","1","Master","Level 5","2313","IGL","","","","","","","",""
"xolalotl","DiamondOnes","436","86","447","68","0.98","17","11","60.7%","1","Master","Level 5","2285","Awper","","","","","","","",""
"lilraxxx","DiamondOnes","454","75","436","61","1.04","17","11","60.7%","1","Diamond","Level 5","2255","Awper","","","","","","","",""
"midorissi","DiamondOnes","447","118","448","57","1.00","17","11","60.7%","1","Diamond","Level 5","2221","Rifler","","","","","","","",""
"emiiiyu","DiamondOnes","386","112","429","47","0.90","17","11","60.7%","1","Emerald","Level 5","2117","Rifler","","","","","","","",""
"chreyll","Divide&Conquer","487","120","480","75","1.01","14","16","46.7%","0","Emerald","Level 5","2051","Awper","","","","","","","",""
"laavv._","Divide&Conquer","461","98","469","67","0.98","14","16","46.7%","0","Platinum","Level 4","1983","Awper","","","","","","","",""
"InfiniteBreaker","Divide&Conquer","446","149","478","58","0.93","14","16","46.7%","0","Platinum","Level 4","1917","Fill","","","","","","","",""
"Solec","Divide&Conquer","454","150","485","58","0.94","14","16","46.7%","0","Platinum","Level 4","1918","IGL","","","","","","","",""
"LITA","Divide&Conquer","458","148","482","52","0.95","14","16","46.7%","0","Platinum","Level 4","1882","Rifler","","","","","","","",""
"y.uuno","division20","317","49","260","50","1.22","10","9","52.6%","1","Platinum","Level 4","1856","Awper","","","","","","","",""
"Spoods","division20","322","94","289","59","1.11","10","9","52.6%","1","Platinum","Level 4","1931","Rifler","","","","","","","",""
"Laburi","division20","342","91","297","53","1.15","10","9","52.6%","1","Platinum","Level 4","1878","IGL","","","","","","","",""
"Eroxis","division20","344","79","278","38","1.24","10","9","52.6%","1","Gold","Level 4","1746","Rifler","","","","","","","",""
"kitties258","division20","272","54","293","30","0.93","10","9","52.6%","1","Silver","Level 4","1549","Awper","","","","","","","",""
"Mike","entity","385","62","344","54","1.12","14","7","66.7%","0","Diamond","Level 5","2153","IGL","","","","","","","",""
"Ryker_Sterling","entity","347","70","343","50","1.01","14","7","66.7%","0","Emerald","Level 5","2081","Rifler","","","","","","","",""
"yerm","entity","345","63","349","48","0.99","14","7","66.7%","0","Emerald","Level 5","2052","Awper","","","","","","","",""
"Xrela","entity","297","61","296","47","1.00","14","7","66.7%","0","Emerald","Level 5","2050","Rifler","","","","","","","",""
"xJavyz","entity","356","68","338","56","1.05","14","7","66.7%","0","Diamond","Level 5","2152","Rifler","","","","","","","",""
"cassiopeiarawr","Flood Flashers","160","14","124","30","1.29","6","3","66.7%","0","Silver","Level 4","1579","Rifler","","","","","","","",""
"Emily_melody","Flood Flashers","146","12","124","26","1.18","6","3","66.7%","0","Bronze","Level 3","1464","Rifler","","","","","","","",""
"Komori Met","Flood Flashers","138","17","127","20","1.09","6","3","66.7%","0","Bronze","Level 3","1320","Rifler","","","","","","","",""
"ShizuyaUmiko","Flood Flashers","138","14","127","13","1.09","6","3","66.7%","0","Iron","Level 3","1178","IGL","","","","","","","",""
"Shinomiya Runa","Flood Flashers","115","14","122","14","0.94","6","3","66.7%","0","Iron","Level 3","1156","Rifler","","","","","","","",""
"Hakase","Fruit Basket","336","86","313","57","1.07","9","10","47.4%","3","Gold","Level 4","1800","IGL","","","","","","","",""
"Phxebe","Fruit Basket","303","63","300","41","1.01","9","10","47.4%","3","Silver","Level 4","1604","Awper","","","","","","","",""
"yuuschan","Fruit Basket","294","79","318","39","0.92","9","10","47.4%","3","Silver","Level 4","1559","Rifler","","","","","","","",""
"cshhp","Fruit Basket","288","69","315","36","0.91","9","10","47.4%","3","Silver","Level 4","1521","Rifler","","","","","","","",""
"Mango","Fruit Basket","280","83","336","34","0.83","9","10","47.4%","3","Bronze","Level 3","1476","Fill","","","","","","","",""
"Historia","Infernum E-Sports","288","72","265","46","1.09","6","10","37.5%","2","Silver","Level 4","1525","Fill","","","","","","","",""
"soapdax","Infernum E-Sports","261","46","262","34","1.00","6","10","37.5%","2","Bronze","Level 3","1335","Awper","","","","","","","",""
"chiyoriinn","Infernum E-Sports","250","48","259","34","0.97","6","10","37.5%","2","Bronze","Level 3","1325","Awper","","","","","","","",""
"Dirfun","Infernum E-Sports","227","69","244","32","0.93","6","10","37.5%","2","Bronze","Level 3","1299","Rifler","","","","","","","",""
"siddnely","Infernum E-Sports","254","60","276","26","0.92","6","10","37.5%","2","Iron","Level 3","1214","IGL","","","","","","","",""
"Elfy Mint","Kiedz","386","73","313","53","1.23","11","10","52.4%","0","Platinum","Level 4","1918","Awper","","","","","","","",""
"Illus","Kiedz","342","90","305","50","1.12","11","10","52.4%","0","Platinum","Level 4","1859","IGL","","","","","","","",""
"Kairi","Kiedz","325","89","323","53","1.01","11","10","52.4%","0","Gold","Level 4","1848","Fill","","","","","","","",""
"declaration__","Kiedz","315","72","316","45","1.00","11","10","52.4%","0","Gold","Level 4","1764","Awper","","","","","","","",""
"zuann_","Kiedz","320","86","302","37","1.06","11","10","52.4%","0","Gold","Level 4","1714","Rifler","","","","","","","",""
"luminichi","Lemon Tree","271","53","288","43","0.94","5","12","29.4%","2","Bronze","Level 3","1299","Awper","","","","","","","",""
"Meowcolmz","Lemon Tree","262","56","289","32","0.91","5","12","29.4%","2","Iron","Level 3","1159","IGL","","","","","","","",""
"MoonRaika","Lemon Tree","259","48","286","30","0.91","5","12","29.4%","2","Iron","Level 3","1133","Awper","","","","","","","",""
"kkayyteeee","Lemon Tree","244","50","296","26","0.82","5","12","29.4%","2","Iron","Level 3","1059","Rifler","","","","","","","",""
"JWQI","Lemon Tree","248","47","288","23","0.86","5","12","29.4%","2","Iron","Level 3","1035","Rifler","","","","","","","",""
"Xyrolizea","Masmark","349","61","313","63","1.12","10","12","45.5%","4","Gold","Level 4","1848","Awper","","","","","","","",""
"XueHuaVT","Masmark","324","96","324","53","1.00","10","12","45.5%","4","Gold","Level 4","1729","IGL","","","","","","","",""
"urnisa_","Masmark","329","94","314","49","1.05","10","12","45.5%","4","Gold","Level 4","1709","Rifler","","","","","","","",""
"kn","Masmark","305","60","315","42","0.97","10","12","45.5%","4","Silver","Level 4","1608","Rifler","","","","","","","",""
"estellyy.","Masmark","304","56","301","38","1.01","10","12","45.5%","4","Silver","Level 4","1585","Awper","","","","","","","",""
"Celtsm","Moonlit Tempo","358","45","323","69","1.11","13","9","59.1%","0","Diamond","Level 5","2160","IGL","","","","","","","",""
"SashimiGoesBloop","Moonlit Tempo","384","52","314","53","1.22","13","9","59.1%","0","Emerald","Level 5","2055","Rifler","","","","","","","",""
"Kyan","Moonlit Tempo","325","57","328","53","0.99","13","9","59.1%","0","Platinum","Level 4","1979","Rifler","","","","","","","",""
"GoddessAkane","Moonlit Tempo","301","43","317","41","0.95","13","9","59.1%","0","Platinum","Level 4","1853","Awper","","","","","","","",""
"FeatBri","Moonlit Tempo","282","60","327","25","0.86","13","9","59.1%","0","Gold","Level 4","1683","Rifler","","","","","","","",""
"simply_perezoso","Neverland","322","69","300","48","1.07","9","10","47.4%","0","Gold","Level 4","1701","Rifler","","","","","","","",""
"Resent","Neverland","295","67","294","46","1.00","9","10","47.4%","0","Silver","Level 4","1656","IGL","","","","","","","",""
"Ice","Neverland","304","36","285","40","1.07","9","10","47.4%","0","Silver","Level 4","1603","Rifler","","","","","","","",""
"adrina.ii","Neverland","289","47","287","37","1.01","9","10","47.4%","0","Silver","Level 4","1556","Awper","","","","","","","",""
"Sayucchi","Neverland","196","14","193","27","1.02","8","5","61.5%","0","Silver","Level 4","1543","Rifler","","","","","","","",""
"VPLH","New Jade","334","48","292","72","1.14","11","10","52.4%","1","Emerald","Level 5","2063","IGL","","","","","","","",""
"jenapoppins","New Jade","328","61","293","40","1.12","11","10","52.4%","1","Gold","Level 4","1754","Rifler","","","","","","","",""
"Jeribean","New Jade","283","39","302","39","0.94","11","10","52.4%","1","Gold","Level 4","1676","Awper","","","","","","","",""
"Astro_Ruckus","New Jade","283","60","308","37","0.92","11","10","52.4%","1","Silver","Level 4","1658","Rifler","","","","","","","",""
"crazywhoopies","New Jade","255","43","288","22","0.89","11","10","52.4%","1","Silver","Level 4","1500","Awper","","","","","","","",""
"joyyy_cheng","Opal","331","86","319","46","1.04","7","12","36.8%","4","Silver","Level 3","1490","IGL","","","","","","","",""
"Seireiix","Opal","314","55","316","47","0.99","7","12","36.8%","4","Bronze","Level 3","1476","Awper","","","","","","","",""
"Scorpium","Opal","305","70","313","44","0.97","7","12","36.8%","4","Bronze","Level 3","1444","Awper","","","","","","","",""
"kuro_mi","Opal","286","73","320","40","0.89","7","12","36.8%","4","Bronze","Level 3","1375","Rifler","","","","","","","",""
"lumi.nyaa","Opal","302","91","325","33","0.93","7","12","36.8%","4","Bronze","Level 3","1319","Rifler","","","","","","","",""
"Reffelexx","PepegaX","465","100","465","73","1.00","17","13","56.7%","0","Diamond","Level 5","2284","Awper","","","","","","","",""
"Nifela","PepegaX","450","126","461","70","0.98","17","13","56.7%","0","Diamond","Level 5","2262","IGL","","","","","","","",""
"AcroBlaze","PepegaX","392","136","462","72","0.85","17","13","56.7%","0","Diamond","Level 5","2236","Fill","","","","","","","",""
"ehsten","PepegaX","440","106","432","62","1.02","17","13","56.7%","0","Diamond","Level 5","2220","Rifler","","","","","","","",""
"yuuki_PS","PepegaX","382","131","466","68","0.82","17","13","56.7%","0","Diamond","Level 5","2198","Rifler","","","","","","","",""
"ebi","Raven Song","249","61","277","47","0.90","9","9","50.0%","0","Silver","Level 4","1667","IGL","","","","","","","",""
"koen","Raven Song","261","36","277","37","0.94","9","9","50.0%","0","Silver","Level 4","1561","Awper","","","","","","","",""
"CRex","Raven Song","266","63","266","28","1.00","9","9","50.0%","0","Silver","Level 3","1491","Rifler","","","","","","","",""
"treblest","Raven Song","217","51","279","29","0.78","9","9","50.0%","0","Bronze","Level 3","1423","Awper","","","","","","","",""
"des506","Raven Song","249","64","274","23","0.91","9","9","50.0%","0","Bronze","Level 3","1405","Rifler","","","","","","","",""
"caturteer","Round Loss Bonus","449","60","389","80","1.15","13","13","50.0%","2","Emerald","Level 5","2137","IGL","","","","","","","",""
"murasakibara_tsuki1","Round Loss Bonus","446","63","401","58","1.11","13","13","50.0%","2","Platinum","Level 4","1955","Rifler","","","","","","","",""
"le_pyrrhic","Round Loss Bonus","381","63","394","64","0.97","13","13","50.0%","2","Platinum","Level 4","1953","Awper","","","","","","","",""
"daifuku.wu","Round Loss Bonus","411","67","398","41","1.03","13","13","50.0%","2","Gold","Level 4","1799","Rifler","","","","","","","",""
"TiF2","Round Loss Bonus","361","68","404","46","0.89","13","13","50.0%","2","Gold","Level 4","1791","Rifler","","","","","","","",""
"capplecrow","Sacred Raven","300","68","268","51","1.12","9","9","50.0%","0","Gold","Level 4","1788","IGL","","","","","","","",""
"Wellson111","Sacred Raven","284","63","268","45","1.06","9","9","50.0%","0","Gold","Level 4","1699","Rifler","","","","","","","",""
"skysbeautylai","Sacred Raven","292","67","258","38","1.13","9","9","50.0%","0","Silver","Level 4","1648","Rifler","","","","","","","",""
"matcha","Sacred Raven","287","40","262","40","1.10","9","9","50.0%","0","Silver","Level 4","1647","Rifler","","","","","","","",""
"Asterisks","Sacred Raven","277","67","271","31","1.02","9","9","50.0%","0","Silver","Level 4","1533","Rifler","","","","","","","",""
"Leveti","Setting Sun","372","84","371","64","1.00","14","10","58.3%","1","Emerald","Level 5","2113","IGL","","","","","","","",""
"jaelyo","Setting Sun","412","78","379","58","1.09","14","10","58.3%","1","Emerald","Level 5","2089","Rifler","","","","","","","",""
"Uzuhii","Setting Sun","410","77","383","53","1.07","14","10","58.3%","1","Emerald","Level 5","2041","Rifler","","","","","","","",""
"rc_ia","Setting Sun","344","57","369","48","0.93","14","10","58.3%","1","Platinum","Level 4","1949","Awper","","","","","","","",""
"zhiweiingg","Setting Sun","360","90","381","50","0.94","14","10","58.3%","1","Platinum","Level 4","1978","Rifler","","","","","","","",""
"Niito","Team Neverseen","401","79","410","66","0.98","11","14","44.0%","2","Gold","Level 4","1828","Fill","","","","","","","",""
"jhjj80","Team Neverseen","410","80","412","54","1.00","11","14","44.0%","2","Gold","Level 4","1738","IGL","","","","","","","",""
"pashionfruit18","Team Neverseen","364","88","426","48","0.85","11","14","44.0%","2","Silver","Level 4","1645","Rifler","","","","","","","",""
"HeyImKaiWen","Team Neverseen","389","61","386","40","1.01","11","14","44.0%","2","Silver","Level 4","1626","Awper","","","","","","","",""
"S.GT","Team Neverseen","362","61","392","43","0.92","11","14","44.0%","2","Silver","Level 4","1622","Awper","","","","","","","",""
"SkuxxNinja44","Technomancy","309","47","258","50","1.20","12","7","63.2%","0","Emerald","Level 5","2030","Rifler","","","","","","","",""
"teckiyo","Technomancy","280","54","256","49","1.09","12","7","63.2%","0","Platinum","Level 4","1988","IGL","","","","","","","",""
"OchakoKiyomi","Technomancy","299","45","258","46","1.16","12","7","63.2%","0","Platinum","Level 4","1974","Rifler","","","","","","","",""
"carv","Technomancy","271","38","336","36","0.81","12","7","63.2%","0","Gold","Level 4","1746","Awper","","","","","","","",""
"nicsman","Technomancy","264","44","269","25","0.98","12","7","63.2%","0","Gold","Level 4","1694","Rifler","","","","","","","",""
"gigichiii_","The Gigarage","449","110","431","83","1.04","18","12","60.0%","4","Master","Level 5","2454","IGL","","","","","","","",""
"yunaeyo","The Gigarage","439","106","423","66","1.04","18","12","60.0%","4","Master","Level 5","2339","Rifler","","","","","","","",""
"mmirawr_","The Gigarage","452","103","432","59","1.05","18","12","60.0%","4","Master","Level 5","2294","Rifler","","","","","","","",""
"YoJareddo","The Gigarage","443","82","435","54","1.02","18","12","60.0%","4","Diamond","Level 5","2246","Rifler","","","","","","","",""
"bluenerd8","The Gigarage","330","63","348","51","0.95","12","12","50.0%","4","Gold","Level 4","1807","Awper","","","","","","","",""
"Rethnap","The Nomads","315","55","296","46","1.06","7","12","36.8%","0","Silver","Level 3","1490","IGL","","","","","","","",""
"luciddoob","The Nomads","270","53","287","39","0.94","7","12","36.8%","0","Bronze","Level 3","1376","Rifler","","","","","","","",""
"Nikorasu","The Nomads","260","43","287","38","0.91","7","12","36.8%","0","Bronze","Level 3","1350","Rifler","","","","","","","",""
"Redandb1ue","The Nomads","264","54","291","31","0.91","7","12","36.8%","0","Bronze","Level 3","1281","Rifler","","","","","","","",""
"mominichi","The Nomads","268","52","304","29","0.88","7","12","36.8%","0","Iron","Level 3","1250","Rifler","","","","","","","",""
"Acryii_","Ukiyo","261","34","222","44","1.18","7","6","53.8%","0","Gold","Level 4","1768","Rifler","","","","","","","",""
"Kai","Ukiyo","353","72","344","58","1.03","7","12","36.8%","0","Silver","Level 4","1607","IGL","","","","","","","",""
"nattyuwus","Ukiyo","371","84","338","41","1.10","7","12","36.8%","0","Bronze","Level 3","1455","Rifler","","","","","","","",""
"MugCowPayLucky","Ukiyo","331","53","342","43","0.97","7","12","36.8%","0","Bronze","Level 3","1424","Awper","","","","","","","",""
"kael","Ukiyo","292","51","338","32","0.86","7","12","36.8%","0","Bronze","Level 3","1273","Awper","","","","","","","",""
"dudriduo_","Unforgettable","232","40","265","47","0.88","6","10","37.5%","1","Bronze","Level 3","1455","Rifler","","","","","","","",""
"_kellyxleox_","Unforgettable","383","70","383","50","1.00","7","17","29.2%","1","Bronze","Level 3","1378","Rifler","","","","","","","",""
"Sakami","Unforgettable","329","62","375","55","0.88","7","17","29.2%","1","Bronze","Level 3","1378","Awper","","","","","","","",""
"WO4TK","Unforgettable","287","36","257","33","1.12","6","10","37.5%","1","Bronze","Level 3","1358","IGL","","","","","","","",""
"Joshiwahhh","Unforgettable","298","51","386","40","0.77","7","17","29.2%","1","Iron","Level 3","1214","Awper","","","","","","","",""
"tapiyokaaa","xPlosiv","148","18","113","24","1.31","6","2","75.0%","1","Bronze","Level 3","1379","Rifler","","","","","","","",""
"TokieShepherdVT","xPlosiv","137","21","121","24","1.13","6","2","75.0%","1","Bronze","Level 3","1333","Rifler","","","","","","","",""
"Cursiffe","xPlosiv","135","14","113","22","1.19","6","2","75.0%","1","Bronze","Level 3","1306","Rifler","","","","","","","",""
"88EXP","xPlosiv","114","17","108","20","1.06","6","2","75.0%","1","Iron","Level 3","1232","IGL","","","","","","","",""
"StrigidaeVT","xPlosiv","137","9","107","13","1.28","6","2","75.0%","1","Iron","Level 3","1145","Rifler","","","","","","","",""
"cherri_vt","Ω Teamless","251","55","224","37","1.12","11","4","73.3%","","Platinum","Level 4","1934","Rifler","","","","","","","",""
"afayctionate","Ω Teamless","237","34","170","31","1.39","10","4","71.4%","","Platinum","Level 4","1888","Rifler","","","","","","","",""
"RaviasEir","Ω Teamless","222","29","185","34","1.20","10","4","71.4%","","Platinum","Level 4","1862","Rifler","","","","","","","",""
"ostc.x","Ω Teamless","264","77","289","45","0.91","11","9","55.0%","","Gold","Level 4","1769","IGL","","","","","","","",""
"tiger.lark","Ω Teamless","210","32","188","29","1.12","10","4","71.4%","","Gold","Level 4","1765","Rifler","","","","","","","",""
"leachubby","Ω Teamless","248","33","206","38","1.20","8","6","57.1%","","Gold","Level 4","1728","IGL","","","","","","","",""
"HiguVT","Ω Teamless","247","36","244","43","1.01","7","6","53.8%","","Gold","Level 4","1698","Rifler","","","","","","","",""
"AuraSinVT","Ω Teamless","216","28","204","35","1.06","8","5","61.5%","","Gold","Level 4","1687","IGL","","","","","","","",""
"FumishiroYummy","Ω Teamless","210","31","201","33","1.04","8","5","61.5%","","Silver","Level 4","1653","Rifler","","","","","","","",""
"nyxcatto","Ω Teamless","217","36","216","37","1.00","8","6","57.1%","","Silver","Level 4","1649","Rifler","","","","","","","",""
"twentyrosie","Ω Teamless","235","35","217","35","1.08","8","6","57.1%","","Silver","Level 4","1646","Rifler","","","","","","","",""
"obvMX","Ω Teamless","232","33","192","35","1.21","7","6","53.8%","","Silver","Level 4","1642","IGL","","","","","","","",""
"Shuvimo","Ω Teamless","252","54","233","37","1.08","7","6","53.8%","","Silver","Level 4","1637","IGL","","","","","","","",""
"EXaCT","Ω Teamless","197","32","205","33","0.96","8","5","61.5%","","Silver","Level 4","1626","Rifler","","","","","","","",""
"Nerfox","Ω Teamless","275","43","241","31","1.14","7","6","53.8%","","Silver","Level 4","1559","Rifler","","","","","","","",""
"KiokoCheiko","Ω Teamless","212","24","205","27","1.03","8","5","61.5%","","Silver","Level 4","1554","Rifler","","","","","","","",""
"Dianya","Ω Teamless","236","44","244","29","0.97","7","6","53.8%","","Bronze","Level 3","1471","Rifler","","","","","","","",""
"djsalty_","Ω Teamless","198","25","192","28","1.03","7","6","53.8%","","Bronze","Level 3","1471","Awper","","","","","","","",""
"kanarivt","Ω Teamless","189","29","173","26","1.09","7","6","53.8%","","Bronze","Level 3","1465","Rifler","","","","","","","",""
"keikatamori","Ω Teamless","201","21","210","25","0.96","8","6","57.1%","","Bronze","Level 3","1455","Awper","","","","","","","",""
"Syrrith","Ω Teamless","245","45","266","33","0.92","7","6","53.8%","0","Silver","Level 4","1516","Rifler","","","","","","","",""
"Nataleste","Ω Teamless","196","28","180","25","1.09","7","6","53.8%","","Bronze","Level 3","1447","Rifler","","","","","","","",""
"AyanOwOT","Ω Teamless","202","30","220","23","0.92","8","6","57.1%","","Bronze","Level 3","1417","Awper","","","","","","","",""
"arcimoon","Ω Teamless","179","27","206","15","0.87","8","5","61.5%","","Bronze","Level 3","1316","Awper","","","","","","","",""
"yumezukiyomi","Ω Teamless","180","32","211","26","0.85","5","9","35.7%","","Iron","Level 3","1151","Awper","","","","","","","",""
"XueQiii","Ω Teamless","89","44","128","15","0.70","0","7","0.0%","","Iron","Level 1","486","Rifler","","","","","","","",""
"Airizu","Ω Teamless","92","33","129","9","0.71","1","7","12.5%","","Iron","Level 1","480","Rifler","","","","","","","",""
"Ryujin","Ω Teamless","88","39","131","7","0.67","1","7","12.5%","","Iron","Level 1","432","Rifler","","","","","","","",""
"Tigeraxd","BeeHyve","114","15","115","16","0.99","1","6","14.3%","0","Iron","Level 2","641","IGL","","","","","","","",""
"_froggiee","BeeHyve","258","35","319","29","0.81","13","9","59.1%","4","Gold","Level 4","1694","Awper","","","","","","","",""
"TiniiBee","BeeHyve","87","10","121","12","0.72","2","6","25.0%","1","Iron","Level 2","617","Rifler","","","","","2000-2499","Level 5","",""
"Hyvred","BeeHyve","127","16","120","19","1.06","2","6","25.0%","1","Bronze","Level 2","851","Rifler","","","","","1500-1999","Level 4","",""
"keikatamori","BeeHyve","170","24","186","24","0.91","5","6","45.5%","4","Silver","Level 3","1263","Rifler","","","","","","","",""
"Skiazelle","Eiromancers","380","33","335","63","1.13","15","11","57.7%","4","Diamond","Level 5","2167","IGL","","","","","3500-3999","Level 8","",""
"boopydoopy","Eiromancers","385","53","432","55","0.89","14","13","51.9%","4","Emerald","Level 4","1920","Awper","","","","","","","",""
"RaviasEir","Eiromancers","404","46","323","80","1.25","15","11","57.7%","4","Diamond","Level 5","2341","Rifler","","","","","3000-3499","Level 7","",""
"kanarivt","Eiromancers","562","77","501","86","1.12","18","16","52.9%","8","Master","Level 5","2401","Rifler","","","","","2500-2999","Level 6","",""
"kaikaijins","Eiromancers","441","44","383","55","1.15","19","12","61.3%","0","Master","Level 5","2356","Rifler","","","","","","","",""
"Xyrren","Syzygy","240","35","282","37","0.85","9","9","50.0%","2","Gold","Level 4","1530","IGL","","","","","","","",""
"AyanOwOT","Syzygy","148","23","166","17","0.89","5","7","41.7%","1","Bronze","Level 3","1092","Awper","","","","","","","",""
"akuluvr","Syzygy","313","31","300","40","1.04","9","11","45.0%","2","Gold","Level 4","1565","Rifler","","","","","","","",""
"sengjung123","Syzygy","0","0","0","0","0","0","0","0.0%","0","","","","Rifler","","","","","","","",""
"leachubby","Syzygy","387","40","357","66","1.08","13","12","52.0%","6","Emerald","Level 5","2028","Rifler","","","","","","","",""
