"Player","Team","Kills","Assist","Deaths","MVP","KDR","Wins","Losses","Winrate","OT Participation","Rank","BPL Rank","Rank Rating","Role","","","","","",""
"AngelxAim","5PERCENT","236","26","234","43","1.01","11","5","68.8%","2","Emerald","Level 4","1913","Awper","","","","","",""
"TortillaRoll","5PERCENT","255","42","247","41","1.03","11","5","68.8%","2","Emerald","Level 4","1902","Rifler","","Key","","","Rating","Name"
"dumbo","5PERCENT","252","21","273","33","0.92","11","5","68.8%","2","Platinum","Level 4","1756","IGL","","Ex-Pro","","","0-499","Level 1"
"Kisaragi Ren","5PERCENT","221","29","246","30","0.90","11","5","68.8%","2","Platinum","Level 4","1715","Rifler","","Promoted","","","500-999","Level 2"
"Solaonix","5PERCENT","237","21","241","27","0.98","11","5","68.8%","2","Platinum","Level 4","1702","Rifler","","","","","1000-1499","Level 3"
"Hyvred","BeeHyve","127","16","120","19","1.06","2","6","25.0%","1","Bronze","Level 2","851","Rifler","","","","","1500-1999","Level 4"
"TiniiBee","BeeHyve","87","10","121","12","0.72","2","6","25.0%","1","Iron","Level 2","617","Rifler","","","","","2000-2499","Level 5"
"kanarivt","Eiromancers","562","77","501","86","1.12","18","16","52.9%","8","Master","Level 5","2401","Rifler","","","","","2500-2999","Level 6"
"RaviasEir","Eiromancers","404","46","323","80","1.25","15","11","57.7%","4","Diamond","Level 5","2341","Rifler","","","","","3000-3499","Level 7"
"Skiazelle","Eiromancers","380","33","335","63","1.13","15","11","57.7%","4","Diamond","Level 5","2167","IGL","","","","","3500-3999","Level 8"
"Shinomiya Runa","Flood Flashers","589","76","526","80","1.12","21","10","67.7%","13","Master","Level 6","2679","Rifler","","","","","4000-4499","Level 9"
"cassiopeiarawr","Flood Flashers","387","32","324","73","1.19","12","6","66.7%","6","Diamond","Level 5","2316","Rifler","","","","","4500+","Level 10"
"Emily_melody","Flood Flashers","303","40","325","44","0.93","11","6","64.7%","8","Platinum","Level 4","1857","Rifler","","","","","",""
"ShizuyaUmiko","Flood Flashers","289","38","273","34","1.06","10","6","62.5%","6","Platinum","Level 4","1726","IGL","","","","","",""
"Komori Met","Flood Flashers","271","25","263","33","1.03","10","6","62.5%","6","Gold","Level 4","1700","Rifler","","","","","",""
"Xyrren","Syzygy","240","35","282","37","0.85","9","9","50.0%","2","Gold","Level 4","1530","IGL","","","","","",""
"TokieShepherdVT","xPlosiv","431","51","384","65","1.12","17","9","65.4%","5","Diamond","Level 5","2355","Rifler","","","","","",""
"Cursiffe","xPlosiv","375","57","387","71","0.97","17","9","65.4%","5","Diamond","Level 5","2353","Rifler","","","","","",""
"tapiyokaaa","xPlosiv","331","41","283","56","1.17","13","6","68.4%","5","Diamond","Level 5","2171","Rifler","","","","","",""
"StrigidaeVT","xPlosiv","355","36","325","44","1.09","16","7","69.6%","5","Diamond","Level 5","2163","Rifler","","","","","",""
"88EXP","xPlosiv","328","30","285","42","1.15","13","6","68.4%","5","Emerald","Level 5","2013","IGL","","","","","",""
"MizukiiMoon","","679","68","646","90","1.05","26","18","59.1%","4","Champion","Level 6","2894","Rifler","","","","","",""
"Choya Hanabi","","550","65","577","86","0.95","25","14","64.1%","3","Grandmaster","Level 6","2835","Rifler","","","","","",""
"Karasu","","690","91","611","126","1.13","21","17","55.3%","12","High Master","Level 6","2792","Rifler","","","","","",""
"HakoP","","611","58","578","114","1.06","22","17","56.4%","4","High Master","Level 6","2763","IGL","","","","","",""
"Codiant","","439","58","339","76","1.29","18","10","64.3%","8","Master","Level 6","2531","Rifler","","","","","",""
"pastellows","","592","59","502","89","1.18","19","16","54.3%","6","Master","Level 5","2498","Rifler","","","","","",""
"obvMX","","620","66","575","85","1.08","20","17","54.1%","6","Master","Level 5","2489","Rifler","","","","","",""
"rebebx","","548","47","380","85","1.44","15","12","55.6%","0","Master","Level 5","2410","Rifler","","","","","",""
"kaikaijins","","441","44","383","55","1.15","19","12","61.3%","0","Master","Level 5","2356","Rifler","","","","","",""
"Sadgeboi","","557","66","423","73","1.32","16","12","57.1%","3","Diamond","Level 5","2344","IGL","","","","","",""
"xmeijixx","","441","67","399","67","1.11","17","10","63.0%","1","Diamond","Level 5","2343","IGL","","","","","",""
"emmabutnormal","","454","57","477","58","0.95","18","16","52.9%","4","Diamond","Level 5","2177","Awper","","","","","",""
"MKakili","","387","49","372","73","1.04","12","9","57.1%","11","Emerald","Level 5","2124","Rifler","","","","","",""
"Asumi Sena","","354","34","320","54","1.11","15","11","57.7%","1","Emerald","Level 5","2090","Rifler","","","","","",""
"Tosaki Mimi","","434","58","479","53","0.91","17","15","53.1%","4","Emerald","Level 5","2077","Awper","","","","","",""
"AkanersVT","","454","41","394","63","1.15","14","13","51.9%","4","Emerald","Level 5","2063","Rifler","","","","","",""
"candybar_isblue","","328","33","268","59","1.22","10","7","58.8%","7","Emerald","Level 5","2037","Rifler","","","","","",""
"leachubby","","387","40","357","66","1.08","13","12","52.0%","6","Emerald","Level 5","2028","Rifler","","","","","",""
"Kogara Toto","","354","46","308","53","1.15","13","11","54.2%","1","Emerald","Level 4","1974","Rifler","","","","","",""
"Aranionja","","377","36","393","55","0.96","14","12","53.8%","1","Emerald","Level 4","1961","Awper","","","","","",""
"rittan0x0","","359","46","330","52","1.09","13","11","54.2%","4","Emerald","Level 4","1944","Rifler","","","","","",""
"JustYoong","","330","31","285","54","1.16","11","9","55.0%","3","Emerald","Level 4","1924","Rifler","","","","","",""
"boopydoopy","","385","53","432","55","0.89","14","13","51.9%","4","Emerald","Level 4","1920","Awper","","","","","",""
"Xevaria","","309","40","290","51","1.07","12","10","54.5%","2","Platinum","Level 4","1893","Rifler","","","","","",""
"KiokoCheiko","","356","43","336","52","1.06","11","9","55.0%","8","Platinum","Level 4","1873","Rifler","","","","","",""
"Niamocha","","352","46","321","53","1.10","10","9","52.6%","6","Platinum","Level 4","1843","IGL","","","","","",""
"SoapiiSereia","","388","44","365","51","1.06","11","11","50.0%","4","Platinum","Level 4","1802","Rifler","","","","","",""
"bloodbane","","356","45","336","50","1.06","10","9","52.6%","11","Platinum","Level 4","1798","Rifler","","","","","",""
"Zarlard","","297","40","302","45","0.98","12","11","52.2%","1","Platinum","Level 4","1786","IGL","","","","","",""
"Dianya","","287","33","280","42","1.03","11","9","55.0%","4","Platinum","Level 4","1761","Rifler","","","","","",""
"yumezukiyomi","","309","31","290","35","1.07","11","7","61.1%","7","Platinum","Level 4","1760","IGL","","","","","",""
"itswendy_","","277","34","268","47","1.03","10","9","52.6%","2","Platinum","Level 4","1757","IGL","","","","","",""
"Laurel","","378","55","389","44","0.97","12","12","50.0%","6","Platinum","Level 4","1752","Rifler","","","","","",""
"KurmitSuicidal","","318","45","283","48","1.12","9","9","50.0%","8","Platinum","Level 4","1746","IGL","","","","","",""
"Kurumi Noah","","292","26","300","42","0.97","11","9","55.0%","5","Platinum","Level 4","1740","Rifler","","","","","",""
"MilliannaVT","","282","31","338","40","0.83","12","9","57.1%","5","Platinum","Level 4","1737","Awper","","","","","",""
"FumishiroYummy","","276","27","210","43","1.31","8","8","50.0%","4","Platinum","Level 4","1735","Rifler","","","","","",""
"ProPHOcy_","","357","42","427","38","0.84","13","12","52.0%","11","Platinum","Level 4","1721","Awper","","","","","",""
"Yakumo Beni","","294","28","288","35","1.02","11","8","57.9%","0","Platinum","Level 4","1714","Rifler","","","","","",""
"_froggiee","","258","35","319","29","0.81","13","9","59.1%","4","Gold","Level 4","1694","Awper","","","","","",""
"vixi","","307","27","261","47","1.18","8","9","47.1%","5","Gold","Level 4","1693","Rifler","","","","","",""
"PSYSTRA","","273","25","313","35","0.87","12","10","54.5%","4","Gold","Level 4","1678","Awper","","","","","",""
"ostc.x","","268","43","285","40","0.94","9","7","56.3%","9","Gold","Level 4","1670","Rifler","","","","","",""
"Kaito_Oshino","","265","26","256","44","1.04","9","9","50.0%","2","Gold","Level 4","1666","Rifler","","","","","",""
"ruamamiya","","278","30","308","35","0.90","11","9","55.0%","6","Gold","Level 4","1648","Awper","","","","","",""
"XueQiii","","313","39","300","41","1.04","10","11","47.6%","2","Gold","Level 4","1641","IGL","","","","","",""
"UtsuhoNull","","210","17","170","39","1.24","5","6","45.5%","3","Gold","Level 4","1639","Rifler","","","","","",""
"dla.wo","","257","22","231","47","1.11","6","8","42.9%","6","Gold","Level 4","1627","Rifler","","","","","",""
"HiguVT","","276","40","252","46","1.10","8","10","44.4%","1","Gold","Level 4","1623","Rifler","","","","","",""
"Just_Ansel","","272","32","302","36","0.90","11","11","50.0%","1","Gold","Level 4","1611","IGL","","","","","",""
"kimonra","","287","35","268","40","1.07","9","10","47.4%","4","Gold","Level 4","1605","Rifler","","","","","",""
"TRPaki","","313","38","305","50","1.03","8","11","42.1%","6","Gold","Level 4","1604","Rifler","","","","","",""
"wushii","","323","40","288","40","1.12","8","9","47.1%","8","Gold","Level 4","1596","Rifler","","","","","",""
"Nightveil Lycoris","","308","26","335","40","0.92","10","11","47.6%","6","Gold","Level 4","1585","IGL","","","","","",""
"arcimoon","","226","34","278","31","0.81","10","7","58.8%","7","Gold","Level 4","1572","Awper","","","","","",""
"kenzieyii","","211","21","171","35","1.23","5","6","45.5%","3","Gold","Level 4","1568","Rifler","","","","","",""
"VSSMB","","233","32","283","35","0.82","9","7","56.3%","7","Gold","Level 4","1565","IGL","","","","","",""
"akuluvr","","313","31","300","40","1.04","9","11","45.0%","2","Gold","Level 4","1565","Rifler","","","","","",""
"Jasticar","","265","28","285","43","0.93","9","11","45.0%","2","Gold","Level 4","1557","Rifler","","","","","",""
"Dazeido","","214","29","239","32","0.90","10","9","52.6%","1","Gold","Level 4","1553","Rifler","","","","","",""
"NOTORIOUS47","","241","29","245","35","0.98","9","9","50.0%","0","Gold","Level 4","1551","Awper","","","","","",""
"Vyphogrid","","246","25","239","43","1.03","6","8","42.9%","8","Gold","Level 4","1544","IGL","","","","","",""
"Aleaka","","275","41","310","30","0.89","10","9","52.6%","6","Gold","Level 4","1530","Rifler","","","","","",""
"Karoni","","301","36","296","26","1.02","10","9","52.6%","8","Gold","Level 4","1530","Rifler","","","","","",""
"TearsofDeath","","307","32","274","42","1.12","7","10","41.2%","5","Gold","Level 4","1525","IGL","","","","","",""
"RumiRumi","","303","33","283","32","1.07","8","8","50.0%","8","Gold","Level 4","1516","Rifler","","","","","",""
"shirou_kitakami","","303","24","275","36","1.10","8","10","44.4%","4","Gold","Level 4","1506","Rifler","","","","","",""
"twentyrosie","","270","32","266","38","1.02","8","10","44.4%","1","Gold","Level 4","1503","Rifler","","","","","",""
"yukihimeowo","","266","31","261","25","1.02","10","10","50.0%","0","Gold","Level 3","1499","Rifler","","","","","",""
"Yano Kuromu","","201","25","259","22","0.78","11","8","57.9%","3","Silver","Level 3","1496","Awper","","","","","",""
"cwstalVT","","195","25","168","28","1.16","5","5","50.0%","3","Silver","Level 3","1484","IGL","","","","","",""
"Yaekia","","213","21","185","31","1.15","6","7","46.2%","1","Silver","Level 3","1457","Rifler","","","","","",""
"Luneforrune","","256","36","281","34","0.91","8","9","47.1%","6","Silver","Level 3","1455","Rifler","","","","","",""
"okjustsmd","","247","25","237","32","1.04","6","7","46.2%","11","Silver","Level 3","1436","IGL","","","","","",""
"CryingNutz","","222","19","211","35","1.05","6","8","42.9%","3","Silver","Level 3","1435","Rifler","","","","","",""
"Ryujin","","203","21","190","27","1.07","7","7","50.0%","0","Silver","Level 3","1425","IGL","","","","","",""
"anju_o","","254","32","271","32","0.94","7","8","46.7%","10","Silver","Level 3","1413","Rifler","","","","","",""
"Spinafex","","220","19","207","33","1.06","6","8","42.9%","2","Silver","Level 3","1410","Rifler","","","","","",""
"YinghuVT","","254","40","249","33","1.02","6","8","42.9%","8","Silver","Level 3","1403","Rifler","","","","","",""
"AuraSinVT","","254","39","294","29","0.86","9","11","45.0%","1","Silver","Level 3","1399","IGL","","","","","",""
"cherri_vt","","238","31","267","27","0.89","8","8","50.0%","5","Silver","Level 3","1394","Rifler","","","","","",""
"afayctionate","","185","26","191","31","0.97","6","8","42.9%","2","Silver","Level 3","1355","IGL","","","","","",""
"Syrrith","","249","23","232","35","1.07","5","9","35.7%","5","Silver","Level 3","1347","Rifler","","","","","",""
"Sendo Yuuhi","","218","21","241","28","0.90","7","8","46.7%","0","Silver","Level 3","1346","Rifler","","","","","",""
"Kaga Nazuna","","230","23","259","27","0.89","8","10","44.4%","3","Silver","Level 3","1336","Rifler","","","","","",""
"Kamito","","224","17","224","26","1.00","7","9","43.8%","1","Silver","Level 3","1319","Awper","","","","","",""
"Bajiru_EN","","199","17","212","30","0.94","5","7","41.7%","8","Silver","Level 3","1318","Rifler","","","","","",""
"EXaCT","","185","14","175","30","1.06","4","7","36.4%","5","Silver","Level 3","1312","Fill","","","","","",""
"zhizyii","","228","25","217","30","1.05","5","8","38.5%","6","Silver","Level 3","1311","IGL","","","","","",""
"sURF","","218","26","217","30","1.00","5","8","38.5%","3","Silver","Level 3","1296","IGL","","","","","",""
"rach.elx_","","176","18","145","23","1.21","4","6","40.0%","3","Silver","Level 3","1294","Rifler","","","","","",""
"Aizawa Ema","","197","27","215","31","0.92","5","8","38.5%","4","Silver","Level 3","1283","Rifler","","","","","",""
"yinnzx","","157","26","171","24","0.92","6","7","46.2%","0","Silver","Level 3","1277","Rifler","","","","","",""
"keikatamori","","170","24","186","24","0.91","5","6","45.5%","4","Silver","Level 3","1263","Rifler","","","","","",""
"tiger.lark","","182","32","236","19","0.77","8","8","50.0%","2","Silver","Level 3","1256","Rifler","","","","","",""
"StrandedPond","","154","24","158","25","0.97","5","7","41.7%","0","Silver","Level 3","1254","Rifler","","","","","",""
"ssseiso","","156","26","157","24","0.99","5","7","41.7%","0","Silver","Level 3","1245","Rifler","","","","","",""
"Shuvimo","","170","14","159","23","1.07","4","6","40.0%","4","Silver","Level 3","1242","Rifler","","","","","",""
"Jenakai","","175","28","246","32","0.71","5","8","38.5%","11","Silver","Level 3","1229","Awper","","","","","",""
"Yumeno Akari","","180","24","210","22","0.86","6","7","46.2%","2","Silver","Level 3","1222","Awper","","","","","",""
"voxslefthorn","","152","17","164","24","0.93","4","6","40.0%","3","Silver","Level 3","1217","Rifler","","","","","",""
"bodexx","","170","13","178","23","0.96","5","7","41.7%","1","Silver","Level 3","1206","Rifler","","","","","",""
"briant","","175","22","177","30","0.99","3","8","27.3%","1","Silver","Level 3","1192","IGL","","","","","",""
"Kojadayo","","175","18","168","26","1.04","3","7","30.0%","5","Bronze","Level 3","1190","Rifler","","","","","",""
"thehidz","","194","22","178","21","1.09","5","8","38.5%","0","Bronze","Level 3","1186","Rifler","","","","","",""
"SachiMizora","","211","23","215","21","0.98","5","8","38.5%","6","Bronze","Level 3","1149","Rifler","","","","","",""
"Hanabusa Lisa","","167","21","154","26","1.08","3","6","33.3%","1","Bronze","Level 3","1147","IGL","","","","","",""
"Jira Jisaki","","144","15","125","25","1.15","3","6","33.3%","0","Bronze","Level 3","1146","Rifler","","","","","",""
"Nataleste","","154","13","157","26","0.98","3","6","33.3%","3","Bronze","Level 3","1112","Rifler","","","","","",""
"L2Strike","","139","15","153","19","0.91","4","6","40.0%","2","Bronze","Level 3","1110","IGL","","","","","",""
"swoopsy","","150","12","155","18","0.97","4","6","40.0%","4","Bronze","Level 3","1107","Awper","","","","","",""
"Arya Kuroha","","170","22","196","27","0.87","4","9","30.8%","0","Bronze","Level 3","1106","Rifler","","","","","",""
"Pattsuu","","152","17","173","19","0.88","4","6","40.0%","4","Bronze","Level 3","1100","IGL","","","","","",""
"AyanOwOT","","148","23","166","17","0.89","5","7","41.7%","1","Bronze","Level 3","1092","Awper","","","","","",""
"moricorovt","","138","16","159","18","0.87","4","6","40.0%","3","Bronze","Level 3","1077","Awper","","","","","",""
"Loonatic","","157","16","188","17","0.84","5","7","41.7%","0","Bronze","Level 3","1068","Awper","","","","","",""
"Yarimell","","157","14","188","23","0.84","4","8","33.3%","2","Bronze","Level 3","1067","Awper","","","","","",""
"kimmixd","","167","19","197","18","0.85","5","8","38.5%","1","Bronze","Level 3","1057","Awper","","","","","",""
"Nekota Tsuna","","136","16","153","23","0.89","3","6","33.3%","5","Bronze","Level 3","1026","Rifler","","","","","",""
"Kaga Sumire","","156","23","217","20","0.72","5","9","35.7%","0","Bronze","Level 3","1016","Awper","","","","","",""
"Ginjo Saine","","142","12","149","21","0.95","3","6","33.3%","3","Bronze","Level 3","1003","Rifler","","","","","",""
"Nerfox","","160","17","196","15","0.82","5","8","38.5%","5","Bronze","Level 3","1000","Rifler","","","","","",""
"Hamzyy","","173","27","191","17","0.91","4","8","33.3%","4","Bronze","Level 2","997","Rifler","","","","","",""
"Aweberry","","115","16","143","17","0.80","4","5","44.4%","0","Bronze","Level 2","979","Awper","","","","","",""
"stitchkyui","","137","20","149","19","0.92","3","6","33.3%","0","Bronze","Level 2","958","Rifler","","","","","",""
"voidnw","","117","19","141","17","0.83","3","6","33.3%","0","Bronze","Level 2","892","Rifler","","","","","",""
"Michimouto","","120","12","118","16","1.02","3","5","37.5%","0","Bronze","Level 2","867","Rifler","","","","","",""
"itswinter__","","123","8","117","19","1.05","2","6","25.0%","2","Bronze","Level 2","843","Rifler","","","","","",""
"JigglyPingu","","113","12","135","14","0.84","3","5","37.5%","3","Bronze","Level 2","778","Rifler","","","","","",""
"scorn","","89","8","95","17","0.94","3","3","50.0%","0","Bronze","Level 2","756","Rifler","","","","","",""
"JStarWolf","","107","15","95","15","1.13","2","5","28.6%","1","Bronze","Level 2","737","IGL","","","","","",""
"rattecs","","100","15","129","17","0.78","2","6","25.0%","0","Bronze","Level 2","734","Rifler","","","","","",""
"Amayui Moka","","118","15","133","15","0.89","2","6","25.0%","2","Bronze","Level 2","724","Rifler","","","","","",""
"Airizu","","120","9","115","13","1.04","2","6","25.0%","3","Bronze","Level 2","722","IGL","","","","","",""
"LeilaMayadah","","94","7","130","9","0.72","3","6","33.3%","1","Bronze","Level 2","692","Awper","","","","","",""
"Riko Solari","","103","11","121","14","0.85","2","6","25.0%","0","Bronze","Level 2","692","Rifler","`","","","","",""
"PenguChi","","107","7","113","14","0.95","2","5","28.6%","1","Bronze","Level 2","668","Rifler","","","","","",""
"Kyu","","107","16","133","13","0.80","2","6","25.0%","3","Iron","Level 2","662","IGL","","","","","",""
"ErineRurie","","106","6","96","16","1.10","1","6","14.3%","2","Iron","Level 2","662","Rifler","","","","","",""
"Tigeraxd","","114","15","115","16","0.99","1","6","14.3%","0","Iron","Level 2","641","IGL","","","","","",""
"Juno Umezono","","104","10","119","11","0.87","2","6","25.0%","0","Iron","Level 2","638","Rifler","","","","","",""
"djsalty_","","96","11","125","10","0.77","2","6","25.0%","0","Iron","Level 2","590","Rifler","","","","","",""
"ItzMaigo","","93","18","112","15","0.83","1","6","14.3%","3","Iron","Level 2","586","Rifler","","","","","",""
"KydaSana","","68","13","97","8","0.70","3","3","50.0%","0","Iron","Level 2","532","Awper","","","","","",""
"KrinoJ","","85","22","103","9","0.83","1","5","16.7%","0","Iron","Level 1","432","Fill","","","","","",""
"nyxcatto","","66","8","113","7","0.58","1","6","14.3%","0","Iron","Level 1","363","Rifler","","","","","",""
"Narin Mikure","","74","17","101","8","0.73","0","6","0.0%","0","Iron","Level 1","316","Awper","","","","","",""
"kyomikoo","","66","24","111","4","0.59","1","6","14.3%","0","Iron","Level 1","316","Rifler","","","","","",""
"Tatsumaki Chise","","75","9","93","5","0.81","0","6","0.0%","0","Iron","Level 1","266","Rifler","","","","","",""
"Ichinose Uruha","","64","5","92","6","0.70","0","6","0.0%","0","Iron","Level 1","261","Rifler","","","","","",""
"Kaminari Qpi","","59","10","95","5","0.62","0","6","0.0%","0","Iron","Level 1","230","Rifler","","","","","",""
"MiyaLeile","","43","5","36","7","1.19","0","2","0.0%","1","Iron","Level 1","222","Rifler","","","","","",""
"qebo","","40","6","41","3","0.98","0","2","0.0%","1","Iron","Level 1","127","IGL","","","","","",""
"Hanyachi","","7","0","26","0","0.27","0","2","0.0%","0","Iron","Level 1","18","Rifler","","","","","",""