Name,Team,Pool,Rating,Titles,Gender (M/F/NB - fill in)
Sketch,Aimpunch,pro,0.989,6,
[Idiot] AngelCrutcher,Aimpunch,pro,0.933,6,
mond33__,Aimpunch,pro,0.889,6,
Chiai Fujikawa,Aimpunch,pro,1.072,4,
balililmao,Aimpunch,pro,0.976,4,
VPLH,New Jade,pro,1.142,2,
xmeijixx,,amateur,1.136,2,
SashimiGoesBloop,Moonlit Tempo,pro,1.091,2,
Historia,Infernum E-Sports,pro,1.084,2,
ostc.x,,amateur,1.08,2,
skysbeautylai,Sacred Raven,pro,1.047,2,
simply_perezoso,Neverland,pro,1.044,2,
jenapoppins,New Jade,pro,1.025,2,
luminichi,Lemon Tree,pro,0.984,2,
Meowcolmz,Lemon Tree,pro,0.971,2,
Resent,Neverland,pro,0.968,2,
siddnely,Infernum E-Sports,pro,0.962,2,
chiyoriinn,Infernum E-Sports,pro,0.958,2,
Dirfun,Infernum E-Sports,pro,0.955,2,
MoonRaika,Lemon Tree,pro,0.943,2,
yuuki_PS,PepegaX,pro,0.939,2,
Astro_Ruckus,New Jade,pro,0.933,2,
JWQI,Lemon Tree,pro,0.926,2,
kkayyteeee,Lemon Tree,pro,0.926,2,
adrina.ii,Neverland,pro,0.923,2,
Jeribean,New Jade,pro,0.917,2,
crazywhoopies,New Jade,pro,0.824,2,
SanCtuary,Artisian,pro,1.151,1,
sneakyyyyy,Cosmos,pro,1.14,1,
tanykeat,Alcheministry,pro,1.123,1,
Solaonix,5PERCENT,pro,1.118,1,
tapiyokaaa,xPlosiv,pro,1.116,1,
cassiopeiarawr,Flood Flashers,pro,1.107,1,
capplecrow,Sacred Raven,pro,1.106,1,
Illus,Kiedz,pro,1.1,1,
Elfy Mint,Kiedz,pro,1.095,1,
TokieShepherdVT,xPlosiv,pro,1.073,1,
jaelyo,Setting Sun,pro,1.072,1,
Celtsm,Moonlit Tempo,pro,1.071,1,
chreyll,Divide&Conquer,pro,1.071,1,
d.chong,Alcheministry,pro,1.071,1,
yumezukiyomi,,amateur,1.064,1,
zhizyii,,amateur,1.063,1,
Nifela,PepegaX,pro,1.06,1,
Cursiffe,xPlosiv,pro,1.059,1,
gigichiii_,The Gigarage,pro,1.058,1,
rebellioniite,Artisian,pro,1.055,1,
Skyllabtw,Artisian,pro,1.053,1,
CrimsynFlames,Aeternum,pro,1.048,1,
Emily_melody,Flood Flashers,pro,1.047,1,
LITA,Divide&Conquer,pro,1.044,1,
ehsten,PepegaX,pro,1.042,1,
inaxho,Cosmos,pro,1.042,1,
Leveti,Setting Sun,pro,1.04,1,
matcha,Sacred Raven,pro,1.039,1,
azzuto,Cosmos,pro,1.032,1,
Rethnap,The Nomads,pro,1.032,1,
StrigidaeVT,xPlosiv,pro,1.031,1,
Applezxc,Aeternum,pro,1.028,1,
TortillaRoll,5PERCENT,pro,1.028,1,
Wellson111,Sacred Raven,pro,1.024,1,
KTenshi,Artisian,pro,1.023,1,
laavv._,Divide&Conquer,pro,1.021,1,
yunaeyo,The Gigarage,pro,1.019,1,
InfiniteBreaker,Divide&Conquer,pro,1.017,1,
Kairi,Kiedz,pro,1.017,1,
Solec,Divide&Conquer,pro,1.015,1,
mmirawr_,The Gigarage,pro,1.013,1,
Ice,Neverland,pro,1.011,1,
hikopiko_,Alcheministry,pro,1.01,1,
Phxebe,Fruit Basket,pro,1.01,1,
zuann_,Kiedz,pro,1.009,1,
Kisaragi Ren,5PERCENT,pro,1.008,1,
Ryujin,,amateur,1.008,1,
88EXP,xPlosiv,pro,1.006,1,
Yixl,Artisian,pro,1.006,1,
Komori Met,Flood Flashers,pro,1.005,1,
lenette,Caelum Scala,pro,0.998,1,
Nyuii,Caelum Scala,pro,0.995,1,
yuuschan,Fruit Basket,pro,0.993,1,
zhiweiingg,Setting Sun,pro,0.992,1,
Kyan,Moonlit Tempo,pro,0.991,1,
declaration__,Kiedz,pro,0.986,1,
Asterisks,Sacred Raven,pro,0.985,1,
kokushi_vampir,Cosmos,pro,0.984,1,
_kellyxleox_,Unforgettable,pro,0.981,1,
DelphoxLuna,Cosmos,pro,0.979,1,
dumbo,5PERCENT,pro,0.975,1,
YoJareddo,The Gigarage,pro,0.972,1,
ShizuyaUmiko,Flood Flashers,pro,0.971,1,
zenn1sm,0v3,pro,0.97,1,
EviKuroneko,Alcheministry,pro,0.969,1,
Mango,Fruit Basket,pro,0.951,1,
yinnzx,,amateur,0.95,1,
potatodepresso,0v3,pro,0.945,1,
rc_ia,Setting Sun,pro,0.94,1,
luciddoob,The Nomads,pro,0.933,1,
Baer,Caelum Scala,pro,0.929,1,
GoddessAkane,Moonlit Tempo,pro,0.921,1,
Shinomiya Runa,Flood Flashers,pro,0.918,1,
S.GT,Team Neverseen,pro,0.915,1,
Sakami,Unforgettable,pro,0.915,1,
NekoSoji,Alcheministry,pro,0.91,1,
Nikorasu,The Nomads,pro,0.908,1,
Redandb1ue,The Nomads,pro,0.903,1,
mominichi,The Nomads,pro,0.9,1,
kyyltn,Caelum Scala,pro,0.897,1,
AngelxAim,5PERCENT,pro,0.895,1,
Pearlim,0v3,pro,0.893,1,
milkenut,0v3,pro,0.876,1,
AltheaVT,degree,pro,0.875,1,
FeatBri,Moonlit Tempo,pro,0.865,1,
Joshiwahhh,Unforgettable,pro,0.82,1,
rebebx,,amateur,1.299,0,
Sadgeboi,,amateur,1.255,0,
Karasu,,amateur,1.22,0,
candybar_isblue,,amateur,1.215,0,
Codiant,,amateur,1.18,0,
MKakili,,amateur,1.177,0,
UtsuhoNull,,amateur,1.166,0,
RaviasEir,Eiromancers,amateur,1.163,0,
kenzieyii,,amateur,1.162,0,
Niamocha,,amateur,1.156,0,
FumishiroYummy,,amateur,1.154,0,
cwstalVT,,amateur,1.149,0,
Laburi,division20,pro,1.146,0,
KurmitSuicidal,,amateur,1.142,0,
Acryii_,Ukiyo,pro,1.141,0,
Spoods,division20,pro,1.139,0,
bloodbane,,amateur,1.138,0,
wushii,,amateur,1.135,0,
pastellows,,amateur,1.134,0,
kanarivt,Eiromancers,amateur,1.132,0,
dla.wo,,amateur,1.13,0,
vixi,,amateur,1.129,0,
Eroxis,division20,pro,1.12,0,
Hakase,Fruit Basket,pro,1.12,0,
KiokoCheiko,,amateur,1.118,0,
Nutzeru,Bluebird,pro,1.116,0,
JustYoong,,amateur,1.109,0,
plainyingying,BLOOM E-Sports,pro,1.109,0,
TearsofDeath,,amateur,1.105,0,
YinghuVT,,amateur,1.104,0,
Hanabusa Lisa,,amateur,1.103,0,
nattyuwus,Ukiyo,pro,1.103,0,
y1jingg,99Lives,pro,1.103,0,
Mike,entity,pro,1.101,0,
Kai,Ukiyo,pro,1.098,0,
caturteer,Round Loss Bonus,pro,1.097,0,
AkanersVT,,amateur,1.095,0,
djassaulty,,solo,1.094,0,
Vyphogrid,,amateur,1.094,0,
SoapiiSereia,,amateur,1.093,0,
RumiRumi,,amateur,1.092,0,
HakoP,,amateur,1.091,0,
okjustsmd,,amateur,1.091,0,
rach.elx_,,amateur,1.091,0,
obvMX,,amateur,1.089,0,
y.uuno,division20,pro,1.088,0,
HiguVT,,amateur,1.083,0,
NipNip,Aetherline,pro,1.075,0,
Kogara Toto,,amateur,1.074,0,
TRPaki,,amateur,1.074,0,
EfreetsZ,Aetherline,pro,1.073,0,
joyyy_cheng,Opal,pro,1.073,0,
xJavyz,entity,pro,1.073,0,
Yaekia,,amateur,1.073,0,
leachubby,,amateur,1.072,0,
notccillia,DiamondOnes,pro,1.07,0,
Syrrith,,amateur,1.07,0,
SkuxxNinja44,Technomancy,pro,1.067,0,
Jira Jisaki,,amateur,1.066,0,
Marsinss,Aeternum,pro,1.066,0,
MiyaLeile,,amateur,1.062,0,
teckiyo,Technomancy,pro,1.062,0,
Xyrolizea,Masmark,pro,1.062,0,
Navikuun,0v3,pro,1.06,0,
Kojadayo,,amateur,1.056,0,
rittan0x0,,amateur,1.056,0,
Skiazelle,Eiromancers,amateur,1.054,0,
Tachibana Hinano,Astral Bloom,pro,1.054,0,
Uzuhii,Setting Sun,pro,1.053,0,
beyouna,Bluebird,pro,1.052,0,
Sheep,99Lives,pro,1.052,0,
Spectrum Gabriel,,solo,1.05,0,
EXaCT,,amateur,1.048,0,
Ryker_Sterling,entity,pro,1.044,0,
sURF,,amateur,1.044,0,
murasakibara_tsuki1,Round Loss Bonus,pro,1.042,0,
shirou_kitakami,,amateur,1.042,0,
OchakoKiyomi,Technomancy,pro,1.04,0,
Shuvimo,,amateur,1.04,0,
Xevaria,,amateur,1.04,0,
itswendy_,,amateur,1.039,0,
Nataleste,,amateur,1.039,0,
briant,,amateur,1.038,0,
JStarWolf,,amateur,1.037,0,
kimonra,,amateur,1.037,0,
MizukiiMoon,,amateur,1.037,0,
anju_o,,amateur,1.035,0,
CryingNutz,,amateur,1.035,0,
urnisa_,Masmark,pro,1.034,0,
Hyvred,BeeHyve,amateur,1.033,0,
midorissi,DiamondOnes,pro,1.031,0,
lumpydayo,BLOOM E-Sports,pro,1.03,0,
Spinafex,,amateur,1.03,0,
WO4TK,Unforgettable,pro,1.03,0,
Zoweya,degree,pro,1.03,0,
CRex,Raven Song,pro,1.029,0,
kaikaijins,,amateur,1.029,0,
XueHuaVT,Masmark,pro,1.027,0,
Kaito_Oshino,,amateur,1.026,0,
Laurel,,amateur,1.026,0,
yerm,entity,pro,1.024,0,
Eris Suzukami,Astral Bloom,pro,1.022,0,
Niito,Team Neverseen,pro,1.022,0,
Ziweiv,Cyanide,pro,1.021,0,
XueQiii,,amateur,1.019,0,
akuluvr,,amateur,1.018,0,
AppleOrangePear,Bluebird,pro,1.018,0,
Bajiru_EN,,amateur,1.016,0,
qebo,,amateur,1.016,0,
Tigeraxd,,amateur,1.016,0,
twentyrosie,,amateur,1.016,0,
Asumi Sena,,amateur,1.015,0,
fleurcoz,BLOOM E-Sports,pro,1.014,0,
minMaXXer,99Lives,pro,1.013,0,
Dianya,,amateur,1.011,0,
Aizawa Ema,,amateur,1.01,0,
keikatamori,,amateur,1.01,0,
Seireiix,Opal,pro,1.01,0,
jhjj80,Team Neverseen,pro,1.009,0,
scorn,,amateur,1.009,0,
Scorpium,Opal,pro,1.009,0,
Yakumo Beni,,amateur,1.009,0,
lilraxxx,DiamondOnes,pro,1.007,0,
Anndreika,Aetherline,pro,1.005,0,
drip,Aeternum,pro,1.004,0,
MugCowPayLucky,Ukiyo,pro,1.004,0,
Karoni,,amateur,1.003,0,
thehidz,,amateur,1.002,0,
Choya Hanabi,,amateur,1.001,0,
miruaamaochi,,solo,1.001,0,
voxslefthorn,,amateur,1.001,0,
BluBEAR,99Lives,pro,1.0,0,
stitchkyui,,amateur,1.0,0,
itswinter__,,amateur,0.998,0,
winda,BLOOM E-Sports,pro,0.998,0,
Remia Aotsuki,Astral Bloom,pro,0.997,0,
Suzuyunn,Aeternum,pro,0.997,0,
CodedEcho,,solo,0.996,0,
Luneforrune,,amateur,0.996,0,
Michimouto,,amateur,0.996,0,
Nekota Tsuna,,amateur,0.995,0,
Ginjo Saine,,amateur,0.994,0,
lumi.nyaa,Opal,pro,0.994,0,
ErineRurie,,amateur,0.993,0,
SachiMizora,,amateur,0.993,0,
Soozy,Cyanide,pro,0.993,0,
TuxedoCat,Aspire,pro,0.991,0,
xolalotl,DiamondOnes,pro,0.99,0,
Xrela,entity,pro,0.99,0,
ssseiso,,amateur,0.989,0,
Reffelexx,PepegaX,pro,0.987,0,
afayctionate,,amateur,0.986,0,
Kurumi Noah,,amateur,0.986,0,
Anony,degree,pro,0.983,0,
Aranionja,,amateur,0.983,0,
KrinoJ,,amateur,0.983,0,
m0wmeow,99Lives,pro,0.983,0,
AcroBlaze,PepegaX,pro,0.981,0,
ItzMaigay,,solo,0.981,0,
StrandedPond,,amateur,0.98,0,
Icington the third,,solo,0.978,0,
boopydoopy,,amateur,0.977,0,
ebi,Raven Song,pro,0.977,0,
VSSMB,,amateur,0.977,0,
Hanarisu,Aspire,pro,0.976,0,
le_pyrrhic,Round Loss Bonus,pro,0.975,0,
NOTORIOUS47,,amateur,0.972,0,
Tsumugi Kokage,Astral Bloom,pro,0.971,0,
Volatus,Bluebird,pro,0.971,0,
Zarlard,,amateur,0.971,0,
Pattsuu,,amateur,0.97,0,
Airizu,,amateur,0.969,0,
cherri_vt,,amateur,0.969,0,
daifuku.wu,Round Loss Bonus,pro,0.968,0,
swoopsy,,amateur,0.968,0,
Aleaka,,amateur,0.967,0,
dudriduo_,Unforgettable,pro,0.967,0,
kuro_mi,Opal,pro,0.967,0,
PenguChi,,amateur,0.967,0,
cshhp,Fruit Basket,pro,0.966,0,
Amayui Moka,,amateur,0.965,0,
ItzMaigo,,amateur,0.964,0,
Shiranami Ramune,Astral Bloom,pro,0.963,0,
Hamzyy,,amateur,0.958,0,
nicsman,Technomancy,pro,0.958,0,
bodexx,,amateur,0.956,0,
L2Strike,,amateur,0.956,0,
VanixEvans,degree,pro,0.955,0,
Sendo Yuuhi,,amateur,0.954,0,
caarrietan,Aspire,pro,0.953,0,
Jasticar,,amateur,0.953,0,
Nightveil Lycoris,,amateur,0.953,0,
VeniceC,BLOOM E-Sports,pro,0.953,0,
Xyrren,Syzygy,amateur,0.953,0,
emiiiyu,DiamondOnes,pro,0.952,0,
HeyImKaiWen,Team Neverseen,pro,0.952,0,
soapdax,Infernum E-Sports,pro,0.952,0,
Moira,Aspire,pro,0.951,0,
awtoh,Aetherline,pro,0.949,0,
emmabutnormal,,amateur,0.949,0,
l1feless,Bluebird,pro,0.948,0,
heavenweeps,Cyanide,pro,0.946,0,
Kamito,,amateur,0.946,0,
moricorovt,,amateur,0.945,0,
ruamamiya,,amateur,0.945,0,
voidnw,,amateur,0.945,0,
Yumeno Akari,,amateur,0.945,0,
bluenerd8,The Gigarage,pro,0.944,0,
Tosaki Mimi,,amateur,0.944,0,
yukihimeowo,,amateur,0.944,0,
Jenakai,,amateur,0.941,0,
JigglyPingu,,amateur,0.941,0,
kn,Masmark,pro,0.941,0,
arcimoon,,amateur,0.94,0,
estellyy.,Masmark,pro,0.939,0,
Arya Kuroha,,amateur,0.938,0,
Aweberry,,amateur,0.933,0,
pashionfruit18,Team Neverseen,pro,0.933,0,
des506,Raven Song,pro,0.931,0,
kitties258,division20,pro,0.93,0,
rattecs,,amateur,0.929,0,
Kyu,,amateur,0.928,0,
MilliannaVT,,amateur,0.926,0,
AyanOwOT,,amateur,0.923,0,
ProPHOcy_,,amateur,0.922,0,
Riko Solari,,amateur,0.92,0,
Sayucchi,Neverland,pro,0.919,0,
Decrease,Cyanide,pro,0.916,0,
kael,Ukiyo,pro,0.915,0,
Narin Mikure,,amateur,0.915,0,
airawwr,degree,pro,0.911,0,
AuraSinVT,,amateur,0.911,0,
KydaSana,,amateur,0.911,0,
Yarimell,,amateur,0.91,0,
Just_Ansel,,amateur,0.909,0,
Juno Umezono,,amateur,0.908,0,
TiF2,Round Loss Bonus,pro,0.908,0,
Dazeido,,amateur,0.905,0,
BaBaYaGa,Aetherline,pro,0.9,0,
Loonatic,,amateur,0.9,0,
Kaga Nazuna,,amateur,0.899,0,
kimmixd,,amateur,0.897,0,
miorine,Cyanide,pro,0.897,0,
koen,Raven Song,pro,0.896,0,
PSYSTRA,,amateur,0.889,0,
Tatsumaki Chise,,amateur,0.883,0,
carv,Technomancy,pro,0.88,0,
djsalty_,,amateur,0.877,0,
_froggiee,,amateur,0.869,0,
4_naru,Caelum Scala,pro,0.868,0,
tiger.lark,,amateur,0.868,0,
Nerfox,,amateur,0.867,0,
TiniiBee,BeeHyve,amateur,0.861,0,
Goonuyun,,solo,0.853,0,
kyomikoo,,amateur,0.852,0,
treblest,Raven Song,pro,0.851,0,
Kaga Sumire,,amateur,0.845,0,
Ichinose Uruha,,amateur,0.837,0,
Hanyachi,,amateur,0.836,0,
Kaminari Qpi,,amateur,0.831,0,
Yano Kuromu,,amateur,0.83,0,
LeilaMayadah,,amateur,0.82,0,
Stylus,Aspire,pro,0.815,0,
nyxcatto,,amateur,0.804,0,
